{"type":"FeatureCollection","name":"Naga City Roads","crs":{"type":"name","properties":{"name":"urn:ogc:def:crs:OGC:1.3:CRS84"}},"features":[{"type":"Feature","properties":{"osm_id":20300056,"highway":"residential","name":"City Hall Loop","access":"destination"},"geometry":{"type":"LineString","coordinates":[[123.1988928,13.6269104],[123.1985395,13.6266565],[123.1988883,13.6262571],[123.1991482,13.625952]]}},{"type":"Feature","properties":{"osm_id":20300059,"highway":"residential","name":"Hall Road"},"geometry":{"type":"LineString","coordinates":[[123.1988883,13.6262571],[123.1992087,13.6265437]]}},{"type":"Feature","properties":{"osm_id":23518759,"highway":"residential","name":"Puro Street","surface":"paved"},"geometry":{"type":"LineString","coordinates":[[123.1831919,13.6288061],[123.1831125,13.628636],[123.1830647,13.6284381],[123.1830107,13.6282224],[123.1829988,13.628171],[123.1828883,13.6276364],[123.1828375,13.6273104],[123.1826862,13.6259009]]}},{"type":"Feature","properties":{"osm_id":23518768,"highway":"secondary","name":"Mabolo-Gainza Road","surface":"paved"},"geometry":{"type":"LineString","coordinates":[[123.1796884,13.6145605],[123.1785171,13.6146045],[123.1775978,13.6146377],[123.1765947,13.6146677],[123.1764524,13.614669],[123.1762835,13.6146729],[123.1757069,13.6147055],[123.1739273,13.6147823]]}},{"type":"Feature","properties":{"osm_id":23518772,"highway":"residential"},"geometry":{"type":"LineString","coordinates":[[123.1828883,13.6276364],[123.1826096,13.6276841],[123.1824254,13.6277441],[123.1822219,13.6277968],[123.1822863,13.6280143],[123.1822662,13.6281551],[123.1821254,13.6282411]]}},{"type":"Feature","properties":{"osm_id":23518777,"highway":"residential","name":"Ateneo Avenue","surface":"concrete","lanes":"2","lit":"yes"},"geometry":{"type":"LineString","coordinates":[[123.1878028,13.6292048],[123.1874242,13.6293745],[123.1872342,13.6294615],[123.187071,13.6295348],[123.1868409,13.6296433],[123.1866752,13.6297219],[123.1865797,13.6297647],[123.1863326,13.6298732],[123.1861488,13.6299509],[123.1856877,13.6301433],[123.1855779,13.6301925]]}},{"type":"Feature","properties":{"osm_id":23518778,"highway":"residential"},"geometry":{"type":"LineString","coordinates":[[123.1764511,13.6185927],[123.1768793,13.6186555],[123.1771144,13.6193494],[123.1772004,13.6194811]]}},{"type":"Feature","properties":{"osm_id":23518788,"highway":"tertiary","name":"Juan Miranda Avenue","surface":"concrete","lanes":"2","lit":"yes"},"geometry":{"type":"LineString","coordinates":[[123.1991238,13.6213385],[123.1992024,13.6218749],[123.199249,13.6221508],[123.1993807,13.6230506],[123.1995648,13.6241787],[123.1996279,13.6247665],[123.1996365,13.6248466],[123.1996744,13.6253901],[123.1996523,13.6256795],[123.1996182,13.6258696],[123.1995317,13.6260971],[123.19947,13.6261933],[123.1994186,13.6262655],[123.1993548,13.6263553],[123.1992087,13.6265437],[123.1990792,13.626696],[123.198985,13.6268007],[123.198959,13.6268316],[123.1988928,13.6269104],[123.1988436,13.6269672],[123.198813,13.6270026],[123.1986584,13.6271811],[123.1984893,13.6273907],[123.1983187,13.6275867],[123.198269,13.627659],[123.197987,13.6280689],[123.1978421,13.6282776],[123.197748,13.6284217],[123.1976892,13.6285117],[123.1976162,13.6286235],[123.1973449,13.6290395]]}},{"type":"Feature","properties":{"osm_id":23518802,"highway":"residential","name":"Caceres Street","surface":"paved"},"geometry":{"type":"LineString","coordinates":[[123.1935399,13.6221127],[123.1935572,13.6222574],[123.1936087,13.6226772],[123.193641,13.6228031],[123.1937066,13.6231293],[123.1938195,13.6235495],[123.1942211,13.6234972],[123.1944653,13.6234655],[123.1949427,13.6233837]]}},{"type":"Feature","properties":{"osm_id":23518809,"highway":"residential"},"geometry":{"type":"LineString","coordinates":[[123.20294,13.6187243],[123.2031868,13.6185544]]}},{"type":"Feature","properties":{"osm_id":23518829,"highway":"service"},"geometry":{"type":"LineString","coordinates":[[123.1880481,13.6277654],[123.1879749,13.627697],[123.1879324,13.6276572],[123.1878532,13.6276246],[123.1877849,13.6276058]]}},{"type":"Feature","properties":{"osm_id":23518846,"highway":"residential","name":"Dinaga Street","surface":"asphalt","lanes":"2","oneway":"yes"},"geometry":{"type":"LineString","coordinates":[[123.1858437,13.6217164],[123.1859746,13.6218136],[123.1860325,13.6219408],[123.1860436,13.6220719],[123.1858935,13.6231623]]}},{"type":"Feature","properties":{"osm_id":23518852,"highway":"secondary","lit":"yes"},"geometry":{"type":"LineString","coordinates":[[123.1888745,13.6189021],[123.1887927,13.6185003]]}},{"type":"Feature","properties":{"osm_id":23518862,"highway":"residential","name":"Melgarejo Street","surface":"paved"},"geometry":{"type":"LineString","coordinates":[[123.1835557,13.6184803],[123.183382,13.6185779],[123.1828664,13.6188366]]}},{"type":"Feature","properties":{"osm_id":23518864,"highway":"residential"},"geometry":{"type":"LineString","coordinates":[[123.2015045,13.6143875],[123.2018706,13.6145102],[123.2021092,13.6146241]]}},{"type":"Feature","properties":{"osm_id":23518872,"highway":"residential","name":"Garcia Street","surface":"paved"},"geometry":{"type":"LineString","coordinates":[[123.1814216,13.6196497],[123.1809115,13.619037],[123.1805749,13.6184692]]}},{"type":"Feature","properties":{"osm_id":23518889,"highway":"tertiary","name":"Ramon Felipe Jr. Street","lit":"yes"},"geometry":{"type":"LineString","coordinates":[[123.1927984,13.6222193],[123.1927726,13.6220176],[123.1927241,13.6217537],[123.192379,13.6198589],[123.1923613,13.6197432]]}},{"type":"Feature","properties":{"osm_id":23518891,"highway":"residential"},"geometry":{"type":"LineString","coordinates":[[123.2003874,13.6162832],[123.2001773,13.6160741],[123.2001317,13.6160275],[123.2008723,13.6153565],[123.2013908,13.6149365],[123.2017383,13.6146315]]}},{"type":"Feature","properties":{"osm_id":23518900,"highway":"residential","name":"Dahlia Street","surface":"paved"},"geometry":{"type":"LineString","coordinates":[[123.1958478,13.6187282],[123.1956995,13.6183466],[123.1955716,13.6180913],[123.195507,13.6179774],[123.1954521,13.6178962],[123.1954139,13.6178323]]}},{"type":"Feature","properties":{"osm_id":23518904,"highway":"secondary","name":"Panganiban Drive","surface":"asphalt","lanes":"2","lit":"yes"},"geometry":{"type":"LineString","coordinates":[[123.1858935,13.6231623],[123.1866887,13.6230583],[123.1867113,13.6230567]]}},{"type":"Feature","properties":{"osm_id":23518916,"highway":"residential","name":"Rosal Street","surface":"paved"},"geometry":{"type":"LineString","coordinates":[[123.1956995,13.6183466],[123.1942007,13.6187832]]}},{"type":"Feature","properties":{"osm_id":23518926,"highway":"residential","name":"Bonifacio Street","surface":"paved"},"geometry":{"type":"LineString","coordinates":[[123.1948266,13.6225311],[123.1936087,13.6226772],[123.1921934,13.6228509],[123.1909204,13.6230538],[123.189991,13.6231875]]}},{"type":"Feature","properties":{"osm_id":23518959,"highway":"residential","name":"Dons Street","surface":"paved"},"geometry":{"type":"LineString","coordinates":[[123.1948372,13.6267338],[123.1937909,13.6271165],[123.1932086,13.6272851],[123.1927831,13.6275795],[123.1925066,13.6278469],[123.1922734,13.6280773],[123.1919352,13.6283146],[123.1916234,13.6285933]]}},{"type":"Feature","properties":{"osm_id":23518960,"highway":"residential"},"geometry":{"type":"LineString","coordinates":[[123.1982341,13.6158643],[123.198235,13.6157641],[123.198153,13.614802]]}},{"type":"Feature","properties":{"osm_id":23518968,"highway":"secondary","lit":"yes"},"geometry":{"type":"LineString","coordinates":[[123.1887927,13.6185003],[123.1887481,13.6182291]]}},{"type":"Feature","properties":{"osm_id":23518974,"highway":"residential","name":"M. Imperial Street"},"geometry":{"type":"LineString","coordinates":[[123.1928091,13.6264285],[123.1928698,13.6265884],[123.1930381,13.6269231],[123.1932086,13.6272851],[123.1932868,13.6274375],[123.1933719,13.627661]]}},{"type":"Feature","properties":{"osm_id":23518978,"highway":"residential","name":"Dons Street"},"geometry":{"type":"LineString","coordinates":[[123.1919369,13.6261513],[123.192059,13.6265699],[123.1920931,13.6266995],[123.1922703,13.6271913],[123.1925066,13.6278469]]}},{"type":"Feature","properties":{"osm_id":23519000,"highway":"unclassified"},"geometry":{"type":"LineString","coordinates":[[123.2021246,13.6147039],[123.2021092,13.6146241]]}},{"type":"Feature","properties":{"osm_id":23519006,"highway":"residential","name":"Peninsula Street","surface":"paved"},"geometry":{"type":"LineString","coordinates":[[123.1948817,13.6229765],[123.1937066,13.6231293],[123.1932371,13.623184],[123.1929501,13.623239],[123.1922536,13.6233227],[123.1920631,13.623353],[123.1918422,13.6233294],[123.1916659,13.6233103],[123.1914668,13.6232601],[123.1911175,13.6231532],[123.1909204,13.6230538]]}},{"type":"Feature","properties":{"osm_id":23519024,"highway":"residential","name":"Bulusan Street","surface":"concrete"},"geometry":{"type":"LineString","coordinates":[[123.1971248,13.6256088],[123.1971489,13.6258704],[123.1971275,13.6259841],[123.1970214,13.6260976],[123.1969323,13.6263102],[123.1966899,13.6265798],[123.1961386,13.6272221],[123.1956837,13.6279122],[123.1956032,13.6280354],[123.1954263,13.6283008],[123.1953485,13.628347],[123.195226,13.6283865],[123.194799,13.6285123],[123.1941721,13.6286801]]}},{"type":"Feature","properties":{"osm_id":23519025,"highway":"residential","name":"Molave Street","surface":"paved"},"geometry":{"type":"LineString","coordinates":[[123.1835306,13.6274943],[123.1832107,13.6276748]]}},{"type":"Feature","properties":{"osm_id":23519032,"highway":"residential"},"geometry":{"type":"LineString","coordinates":[[123.194799,13.6285123],[123.1946803,13.628074],[123.1945421,13.6276001]]}},{"type":"Feature","properties":{"osm_id":23519033,"highway":"residential"},"geometry":{"type":"LineString","coordinates":[[123.1869809,13.6182039],[123.1868587,13.6183431],[123.1867688,13.6184588],[123.1866629,13.618639],[123.1865885,13.6188013],[123.1865387,13.6189624],[123.1865044,13.6190911],[123.1864743,13.6192565],[123.186485,13.6195514],[123.1865013,13.619679],[123.1865376,13.6198976]]}},{"type":"Feature","properties":{"osm_id":23519039,"highway":"service","surface":"concrete"},"geometry":{"type":"LineString","coordinates":[[123.18981,13.6147375],[123.1901073,13.6146958],[123.1900907,13.6145842],[123.1908324,13.6144801]]}},{"type":"Feature","properties":{"osm_id":23519041,"highway":"residential","name":"Maria Cristina Street","surface":"concrete"},"geometry":{"type":"LineString","coordinates":[[123.1943032,13.6291715],[123.1947762,13.6290654],[123.1951073,13.6289629],[123.1952929,13.6288745],[123.1954821,13.6287825],[123.1955585,13.6287295],[123.195675,13.6286269],[123.1957707,13.6284775],[123.19588,13.6282984],[123.1961115,13.6280142],[123.196519,13.6275353],[123.1969136,13.6270839],[123.1972454,13.626695],[123.1973381,13.6265837],[123.1975384,13.6263407],[123.1976557,13.6261328],[123.1976932,13.6259834],[123.1976911,13.6257007],[123.1976621,13.6255888],[123.1976255,13.625555]]}},{"type":"Feature","properties":{"osm_id":23519055,"highway":"residential","name":"Evangelista Street","surface":"paved","oneway":"yes"},"geometry":{"type":"LineString","coordinates":[[123.185042,13.6228618],[123.1844694,13.6229996]]}},{"type":"Feature","properties":{"osm_id":23519056,"highway":"residential","surface":"unpaved"},"geometry":{"type":"LineString","coordinates":[[123.2020321,13.6280501],[123.202084,13.62758],[123.2021097,13.6273776]]}},{"type":"Feature","properties":{"osm_id":23519061,"highway":"residential","name":"J. Soler Street","surface":"paved"},"geometry":{"type":"LineString","coordinates":[[123.1947035,13.6260323],[123.193501,13.6262844],[123.1928091,13.6264285],[123.1926277,13.6264891],[123.1924797,13.6265449],[123.1922124,13.6266523],[123.1920931,13.6266995],[123.191838,13.6268575],[123.1916041,13.6269975],[123.1913474,13.6271543],[123.1909209,13.6274137],[123.1905581,13.627704]]}},{"type":"Feature","properties":{"osm_id":23519069,"highway":"tertiary"},"geometry":{"type":"LineString","coordinates":[[123.2038735,13.6167319],[123.20385,13.616675],[123.2034717,13.6162664],[123.2034083,13.6162064],[123.20271,13.6155195],[123.2026621,13.6154635],[123.2025134,13.6152644],[123.202425,13.615163],[123.2023033,13.6149893],[123.2021665,13.6147654],[123.2021246,13.6147039]]}},{"type":"Feature","properties":{"osm_id":23519073,"highway":"residential","name":"2nd Street","surface":"paved"},"geometry":{"type":"LineString","coordinates":[[123.1994746,13.6165201],[123.1998253,13.616834],[123.2011126,13.6181519],[123.2013803,13.6184351],[123.2015841,13.6186545],[123.2020134,13.619136]]}},{"type":"Feature","properties":{"osm_id":23519080,"highway":"residential","name":"Misericordia Street","surface":"paved"},"geometry":{"type":"LineString","coordinates":[[123.1880557,13.6228576],[123.1897312,13.6258093]]}},{"type":"Feature","properties":{"osm_id":23519103,"highway":"residential","name":"Santa Cruz Street","surface":"concrete","lanes":"2"},"geometry":{"type":"LineString","coordinates":[[123.1855945,13.6274745],[123.1845129,13.6280637],[123.1841726,13.6282426],[123.1837115,13.6285212],[123.1835173,13.6286277],[123.1831919,13.6288061]]}},{"type":"Feature","properties":{"osm_id":23519126,"highway":"service"},"geometry":{"type":"LineString","coordinates":[[123.2006958,13.6193123],[123.2005757,13.6191551]]}},{"type":"Feature","properties":{"osm_id":23519131,"highway":"tertiary","name":"Paz Street","surface":"concrete","lit":"yes"},"geometry":{"type":"LineString","coordinates":[[123.1865615,13.6273387],[123.186596,13.6273171],[123.1870332,13.627036]]}},{"type":"Feature","properties":{"osm_id":23519136,"highway":"tertiary","name":"Bagumbayan Marupit Road","surface":"paved"},"geometry":{"type":"LineString","coordinates":[[123.1833162,13.6339624],[123.18295,13.6338404],[123.1825638,13.633692],[123.182285,13.6336135],[123.1812456,13.6332394],[123.1805804,13.6330087],[123.1799669,13.6327853],[123.1794679,13.6326135],[123.1789673,13.6324174],[123.1787746,13.6323311],[123.1784695,13.6322124],[123.1781569,13.6320793],[123.1778871,13.6319448],[123.1777312,13.6318508],[123.1774394,13.631685],[123.1772701,13.6315888],[123.1758899,13.630836],[123.1757456,13.6307627],[123.175601,13.6307069],[123.1748265,13.6303422],[123.1706203,13.6284773],[123.1699373,13.6281264],[123.1694937,13.6279035],[123.1691957,13.6277305],[123.168817,13.6275581],[123.1683041,13.6272764],[123.1680532,13.6271385],[123.1675335,13.6268733],[123.167239,13.6267305],[123.1667625,13.6265777],[123.1665459,13.6265394],[123.1658911,13.6263777],[123.1653985,13.6262976],[123.1645019,13.6261519],[123.1633771,13.6258854],[123.1633053,13.6258582],[123.1628419,13.6256824],[123.1623857,13.6255471],[123.162151,13.6254702],[123.1610125,13.625064]]}},{"type":"Feature","properties":{"osm_id":23519137,"highway":"residential"},"geometry":{"type":"LineString","coordinates":[[123.2020134,13.619136],[123.2018392,13.6193024]]}},{"type":"Feature","properties":{"osm_id":23519144,"highway":"service"},"geometry":{"type":"LineString","coordinates":[[123.2007378,13.6190402],[123.2007609,13.6190819],[123.2008289,13.6191924]]}},{"type":"Feature","properties":{"osm_id":23519156,"highway":"residential","name":"Pedro Santos Avenue","surface":"concrete","lanes":"2","lit":"yes"},"geometry":{"type":"LineString","coordinates":[[123.1855779,13.6301925],[123.1856195,13.6302767],[123.1861247,13.6313013],[123.1863109,13.6317619],[123.1866229,13.6324537]]}},{"type":"Feature","properties":{"osm_id":23519159,"highway":"residential","name":"Palomares Street","surface":"paved"},"geometry":{"type":"LineString","coordinates":[[123.1898794,13.6226393],[123.189991,13.6231875],[123.1900513,13.6236599],[123.190075,13.6238212],[123.1901814,13.6247816]]}},{"type":"Feature","properties":{"osm_id":23519164,"highway":"secondary","name":"Panganiban Drive","surface":"asphalt","lanes":"2","oneway":"yes","lit":"yes"},"geometry":{"type":"LineString","coordinates":[[123.1851515,13.6232612],[123.1858935,13.6231623]]}},{"type":"Feature","properties":{"osm_id":23519173,"highway":"tertiary","name":"Taal Avenue","surface":"concrete","lanes":"2","lit":"yes"},"geometry":{"type":"LineString","coordinates":[[123.1953875,13.6264839],[123.1954358,13.6265871],[123.1954743,13.6266405],[123.1955237,13.626686],[123.1957857,13.6269087],[123.1961386,13.6272221],[123.196519,13.6275353],[123.1971863,13.6280921],[123.197582,13.6284223],[123.1976892,13.6285117]]}},{"type":"Feature","properties":{"osm_id":23519177,"highway":"residential","name":"Canda Street","surface":"paved"},"geometry":{"type":"LineString","coordinates":[[123.2003958,13.6192503],[123.2005757,13.6191551],[123.2007378,13.6190402]]}},{"type":"Feature","properties":{"osm_id":23519204,"highway":"tertiary","name":"Leon Sa Aureus Street","surface":"paved"},"geometry":{"type":"LineString","coordinates":[[123.1996182,13.6258696],[123.1999963,13.6259951],[123.2002651,13.6261156],[123.2008687,13.6263647],[123.201206,13.6265172],[123.201513,13.6266282],[123.201562,13.6266542],[123.2020157,13.626829],[123.202075,13.6268528],[123.2023227,13.6269497],[123.202484,13.6270182],[123.2029742,13.627169],[123.2031333,13.6271948],[123.2034357,13.6272273],[123.2036923,13.6272361],[123.2039242,13.6272445],[123.2040818,13.6272563],[123.204409,13.627285],[123.2046163,13.627299],[123.2051301,13.6273255]]}},{"type":"Feature","properties":{"osm_id":23519206,"highway":"residential","surface":"unpaved"},"geometry":{"type":"LineString","coordinates":[[123.2029664,13.6276498],[123.2029742,13.627169]]}},{"type":"Feature","properties":{"osm_id":23519211,"highway":"residential","name":"Narra Street","surface":"paved"},"geometry":{"type":"LineString","coordinates":[[123.1842453,13.6273919],[123.184096,13.6271668]]}},{"type":"Feature","properties":{"osm_id":23519216,"highway":"residential"},"geometry":{"type":"LineString","coordinates":[[123.2020134,13.619136],[123.2020394,13.6191716],[123.2020764,13.61922],[123.2020991,13.6192348],[123.2021333,13.6192342],[123.2024139,13.619091]]}},{"type":"Feature","properties":{"osm_id":23519218,"highway":"residential","name":"Molave Street","surface":"paved"},"geometry":{"type":"LineString","coordinates":[[123.184096,13.6271668],[123.1835306,13.6274943]]}},{"type":"Feature","properties":{"osm_id":23519219,"highway":"residential","name":"Plaridel Street","surface":"asphalt","lanes":"2"},"geometry":{"type":"LineString","coordinates":[[123.1849433,13.6189908],[123.1845353,13.6190714],[123.184299,13.619118],[123.1837883,13.6192508]]}},{"type":"Feature","properties":{"osm_id":23519229,"highway":"residential","name":"Del Pilar Street","surface":"paved"},"geometry":{"type":"LineString","coordinates":[[123.1937909,13.6271165],[123.1939955,13.6278569],[123.1941721,13.6286801],[123.1943032,13.6291715],[123.1942668,13.6295387]]}},{"type":"Feature","properties":{"osm_id":23519235,"highway":"residential","name":"Ilang-ilang Street","surface":"paved"},"geometry":{"type":"LineString","coordinates":[[123.1958316,13.6198357],[123.1953856,13.6188916]]}},{"type":"Feature","properties":{"osm_id":23519241,"highway":"residential","surface":"unpaved"},"geometry":{"type":"LineString","coordinates":[[123.2011094,13.6272742],[123.2011512,13.6273885],[123.2011585,13.6277471],[123.2011063,13.6279257],[123.2008502,13.6282421],[123.2006891,13.6284507],[123.2006351,13.6285297]]}},{"type":"Feature","properties":{"osm_id":23519244,"highway":"service","name":"LCC Road"},"geometry":{"type":"LineString","coordinates":[[123.1809115,13.619037],[123.1807609,13.6191453],[123.1803212,13.6193183],[123.1804395,13.6197071],[123.1797828,13.6199421],[123.1796348,13.6199904]]}},{"type":"Feature","properties":{"osm_id":23519251,"highway":"residential","name":"Laguna Street","surface":"paved"},"geometry":{"type":"LineString","coordinates":[[123.1850423,13.619439],[123.1849433,13.6189908]]}},{"type":"Feature","properties":{"osm_id":23519253,"highway":"residential"},"geometry":{"type":"LineString","coordinates":[[123.1859378,13.6241519],[123.1862083,13.6239833],[123.1866425,13.6236741],[123.1869192,13.6235771],[123.1866887,13.6230583]]}},{"type":"Feature","properties":{"osm_id":23519257,"highway":"tertiary","name":"Mayon Extension","surface":"concrete","lanes":"2","lit":"yes"},"geometry":{"type":"LineString","coordinates":[[123.1953875,13.6264839],[123.1955163,13.6275533],[123.1955496,13.6278666],[123.1956032,13.6280354]]}},{"type":"Feature","properties":{"osm_id":23519259,"highway":"residential","name":"Yorktown Street","surface":"paved"},"geometry":{"type":"LineString","coordinates":[[123.1972454,13.626695],[123.197794,13.6271418],[123.1983187,13.6275867]]}},{"type":"Feature","properties":{"osm_id":23519261,"highway":"residential","name":"Kinastillohan Street","surface":"paved"},"geometry":{"type":"LineString","coordinates":[[123.1847422,13.6238593],[123.1848641,13.6238242],[123.1851771,13.6237429],[123.1853024,13.6237093]]}},{"type":"Feature","properties":{"osm_id":23519279,"highway":"tertiary","name":"Bayawas Street","surface":"concrete","lanes":"2","lit":"yes"},"geometry":{"type":"LineString","coordinates":[[123.179282,13.6237014],[123.1793519,13.623928],[123.1795349,13.6241444],[123.1796907,13.6242827],[123.1798818,13.6244736],[123.1801983,13.6248104],[123.1804564,13.6250668],[123.1805428,13.6251321],[123.1807068,13.6252402],[123.1814446,13.6254896],[123.1816534,13.625562],[123.1821099,13.6257145],[123.1826862,13.6259009]]}},{"type":"Feature","properties":{"osm_id":23519286,"highway":"residential"},"geometry":{"type":"LineString","coordinates":[[123.2024139,13.619091],[123.2026961,13.6188922]]}},{"type":"Feature","properties":{"osm_id":23519289,"highway":"residential","name":"Waling-waling Street","surface":"paved"},"geometry":{"type":"LineString","coordinates":[[123.1949046,13.6190308],[123.1953856,13.6188916],[123.1958478,13.6187282]]}},{"type":"Feature","properties":{"osm_id":23519291,"highway":"service","surface":"paved"},"geometry":{"type":"LineString","coordinates":[[123.197794,13.6271418],[123.1983391,13.6264925]]}},{"type":"Feature","properties":{"osm_id":23519294,"highway":"tertiary","name":"Abella Street","surface":"concrete","lanes":"2","lit":"yes"},"geometry":{"type":"LineString","coordinates":[[123.1758464,13.6225665],[123.1761293,13.6227709],[123.176477,13.6230167],[123.1766949,13.6231784],[123.1767121,13.6231912],[123.1777385,13.6234646],[123.1778824,13.6234915],[123.1785176,13.6236454],[123.1788281,13.6237014],[123.1789416,13.6237294],[123.1790794,13.623723],[123.179282,13.6237014],[123.1793695,13.623684],[123.179473,13.6236685],[123.1796802,13.6236172]]}},{"type":"Feature","properties":{"osm_id":23519298,"highway":"tertiary","name":"Carnation Street","surface":"paved","lanes":"1","lit":"yes"},"geometry":{"type":"LineString","coordinates":[[123.1943953,13.6191879],[123.1942007,13.6187832],[123.1940228,13.6183773],[123.1938292,13.6179367],[123.1936414,13.6175362],[123.1935338,13.6172665],[123.1933918,13.6168577],[123.1929861,13.6156533]]}},{"type":"Feature","properties":{"osm_id":23519307,"highway":"residential","surface":"paved"},"geometry":{"type":"LineString","coordinates":[[123.1772585,13.6210583],[123.1771083,13.6205089],[123.177056,13.6204509],[123.1770178,13.6203486],[123.1769806,13.620232],[123.1768535,13.6199452],[123.1767869,13.619643],[123.1762736,13.619861],[123.1763358,13.6193162],[123.1764044,13.6188539],[123.1764511,13.6185927],[123.1765027,13.6183975],[123.1765573,13.6182442],[123.1767039,13.6181062],[123.176895,13.6179769],[123.177429,13.617538],[123.1775852,13.6174727],[123.1779828,13.6174355],[123.1783415,13.6174066],[123.1786743,13.6174078],[123.1787647,13.6174352],[123.1788383,13.6175431],[123.1789018,13.6176143],[123.1789712,13.6176881]]}},{"type":"Feature","properties":{"osm_id":23519312,"highway":"residential"},"geometry":{"type":"LineString","coordinates":[[123.2011566,13.6142536],[123.2015045,13.6143875]]}},{"type":"Feature","properties":{"osm_id":23519339,"highway":"secondary","name":"Santonja Street","surface":"paved"},"geometry":{"type":"LineString","coordinates":[[123.1897931,13.626796],[123.1890887,13.6271814]]}},{"type":"Feature","properties":{"osm_id":23519342,"highway":"residential","name":"Canda Street","surface":"paved"},"geometry":{"type":"LineString","coordinates":[[123.2007378,13.6190402],[123.2010081,13.618845],[123.2010948,13.618778],[123.201131,13.6187454],[123.2011548,13.6187075],[123.2011655,13.6186679],[123.2011585,13.6186275],[123.2011386,13.6185982],[123.200937,13.6183803]]}},{"type":"Feature","properties":{"osm_id":23519366,"highway":"residential","name":"1st Street","surface":"paved"},"geometry":{"type":"LineString","coordinates":[[123.2013285,13.6188647],[123.2014463,13.6187654]]}},{"type":"Feature","properties":{"osm_id":23519377,"highway":"residential","name":"Dover Street","surface":"paved"},"geometry":{"type":"LineString","coordinates":[[123.1969136,13.6270839],[123.197987,13.6280689]]}},{"type":"Feature","properties":{"osm_id":23519379,"highway":"service","name":"Canda Street","surface":"paved"},"geometry":{"type":"LineString","coordinates":[[123.2003958,13.6192503],[123.200327,13.619158],[123.2002753,13.6190929]]}},{"type":"Feature","properties":{"osm_id":23519385,"highway":"residential"},"geometry":{"type":"LineString","coordinates":[[123.2034516,13.6132851],[123.2034246,13.6133361],[123.2032944,13.6135991],[123.2032691,13.6136464],[123.2031066,13.6139496],[123.2029535,13.614254],[123.2025999,13.6149147],[123.2026289,13.6149317],[123.2027992,13.6150118],[123.2031319,13.6151509]]}},{"type":"Feature","properties":{"osm_id":23519391,"highway":"residential","name":"Sierra Madre Street","surface":"paved"},"geometry":{"type":"LineString","coordinates":[[123.1970214,13.6260976],[123.1953568,13.6262986],[123.194767,13.6263871],[123.1935414,13.6267431],[123.1930381,13.6269231]]}},{"type":"Feature","properties":{"osm_id":23519407,"highway":"residential","name":"P. Diaz Street","surface":"concrete","oneway":"yes"},"geometry":{"type":"LineString","coordinates":[[123.1863349,13.6256918],[123.1856794,13.626139]]}},{"type":"Feature","properties":{"osm_id":23519414,"highway":"residential"},"geometry":{"type":"LineString","coordinates":[[123.2026961,13.6188922],[123.20294,13.6187243]]}},{"type":"Feature","properties":{"osm_id":23519419,"highway":"residential"},"geometry":{"type":"LineString","coordinates":[[123.1772263,13.6193312],[123.1775147,13.6196271],[123.1776193,13.6197171],[123.1776968,13.6197866],[123.1778579,13.619921],[123.177959,13.6199714],[123.1780622,13.6200223],[123.1781043,13.620056],[123.1781146,13.6200992]]}},{"type":"Feature","properties":{"osm_id":23519425,"highway":"tertiary","name":"Greenland Drive","surface":"paved"},"geometry":{"type":"LineString","coordinates":[[123.2031868,13.6185544],[123.2026684,13.6179445],[123.2026027,13.6178115],[123.2026639,13.6177458]]}},{"type":"Feature","properties":{"osm_id":23519446,"highway":"tertiary","name":"Wisdom Road"},"geometry":{"type":"LineString","coordinates":[[123.1971377,13.6176691],[123.1972458,13.6180206],[123.1975085,13.6188442],[123.1976637,13.6193298],[123.1976884,13.619406],[123.1977732,13.619667],[123.198144,13.6207101]]}},{"type":"Feature","properties":{"osm_id":23519458,"highway":"residential","name":"Laguna Street","surface":"paved"},"geometry":{"type":"LineString","coordinates":[[123.1849433,13.6189908],[123.1848089,13.6185962],[123.1847611,13.6181924],[123.184504,13.6177235]]}},{"type":"Feature","properties":{"osm_id":23519463,"highway":"tertiary","name":"Kayanga Road","surface":"concrete","lit":"yes"},"geometry":{"type":"LineString","coordinates":[[123.1972499,13.6291608],[123.1971709,13.6291591],[123.1970417,13.6290956],[123.1965779,13.6288256]]}},{"type":"Feature","properties":{"osm_id":23519472,"highway":"residential","name":"Gumamela Street","surface":"paved"},"geometry":{"type":"LineString","coordinates":[[123.1954139,13.6178323],[123.1952573,13.6179175],[123.1951139,13.6180006],[123.1949272,13.6180778],[123.1940228,13.6183773]]}},{"type":"Feature","properties":{"osm_id":23519475,"highway":"unclassified","name":"Hospital Loop Road","surface":"concrete","lanes":"2"},"geometry":{"type":"LineString","coordinates":[[123.1977439,13.6215179],[123.1978664,13.6223377],[123.1979259,13.6227326],[123.1980173,13.6232543]]}},{"type":"Feature","properties":{"osm_id":23519479,"highway":"residential","name":"Caimito Street","surface":"paved"},"geometry":{"type":"LineString","coordinates":[[123.1919352,13.6283146],[123.1921321,13.6285067],[123.1922374,13.6286027],[123.1926098,13.6288233],[123.1929152,13.6288804],[123.1932727,13.6289619],[123.1937921,13.6290585],[123.194044,13.6291101],[123.1943032,13.6291715]]}},{"type":"Feature","properties":{"osm_id":23519481,"highway":"residential"},"geometry":{"type":"LineString","coordinates":[[123.1987727,13.6179838],[123.1989375,13.617793]]}},{"type":"Feature","properties":{"osm_id":23519482,"highway":"residential"},"geometry":{"type":"LineString","coordinates":[[123.199486,13.6181309],[123.199276,13.6179989],[123.1989375,13.617793]]}},{"type":"Feature","properties":{"osm_id":23519483,"highway":"secondary","name":"Panganiban Drive","surface":"asphalt","lanes":"2","lit":"yes"},"geometry":{"type":"LineString","coordinates":[[123.1871331,13.6230074],[123.187526,13.6229391],[123.1880557,13.6228576],[123.1881662,13.6228434],[123.1885078,13.6228194],[123.1887093,13.6228014],[123.1890186,13.622762],[123.1891282,13.6227487],[123.1897811,13.6226451]]}},{"type":"Feature","properties":{"osm_id":23519500,"highway":"residential"},"geometry":{"type":"LineString","coordinates":[[123.201844,13.6290052],[123.2024951,13.6292644],[123.2029587,13.629437],[123.2031654,13.629514]]}},{"type":"Feature","properties":{"osm_id":23519507,"highway":"residential"},"geometry":{"type":"LineString","coordinates":[[123.201229,13.6300129],[123.2014475,13.6295151],[123.2014588,13.6295099],[123.2014722,13.6295093],[123.2015925,13.6295438],[123.2015972,13.6295437],[123.2016014,13.6295412],[123.201844,13.6290052]]}},{"type":"Feature","properties":{"osm_id":23519521,"highway":"residential","name":"Kayangga Street","surface":"paved"},"geometry":{"type":"LineString","coordinates":[[123.1994308,13.6292248],[123.1988667,13.6291228],[123.1987017,13.6291434]]}},{"type":"Feature","properties":{"osm_id":23519527,"highway":"residential","name":"Molave Street","surface":"paved"},"geometry":{"type":"LineString","coordinates":[[123.2001635,13.6291239],[123.2002315,13.6292849],[123.2008539,13.629772]]}},{"type":"Feature","properties":{"osm_id":23519546,"highway":"residential","name":"V. Ojeda Street","surface":"paved"},"geometry":{"type":"LineString","coordinates":[[123.1963216,13.6290771],[123.1961984,13.6290648],[123.1960167,13.6290783],[123.1958337,13.629155],[123.1956368,13.6292552],[123.1955431,13.629302],[123.1954557,13.629333],[123.1953193,13.6293971],[123.1951508,13.6295704],[123.195044,13.629737],[123.1949916,13.6298714]]}},{"type":"Feature","properties":{"osm_id":23519554,"highway":"residential","name":"Union Street","surface":"paved"},"geometry":{"type":"LineString","coordinates":[[123.184504,13.6177235],[123.1843307,13.6177387],[123.1834031,13.6179543]]}},{"type":"Feature","properties":{"osm_id":23519559,"highway":"service"},"geometry":{"type":"LineString","coordinates":[[123.19621,13.6180235],[123.1964827,13.6179879],[123.1968737,13.6179344],[123.1969942,13.6178611],[123.1971148,13.6176564]]}},{"type":"Feature","properties":{"osm_id":23519563,"highway":"residential","name":"Abocado Street","surface":"concrete"},"geometry":{"type":"LineString","coordinates":[[123.1965779,13.6288256],[123.1965051,13.6289161],[123.1963861,13.6290329],[123.1963216,13.6290771],[123.1963059,13.629214],[123.196198,13.6294992],[123.1961068,13.6297072],[123.1961968,13.6297169],[123.1968661,13.6295264],[123.1971195,13.6295195],[123.1973374,13.6295749],[123.1975124,13.6296409],[123.1976289,13.629506],[123.1977377,13.62936],[123.1977902,13.6291642]]}},{"type":"Feature","properties":{"osm_id":23519582,"highway":"residential","name":"Lerma Street","surface":"paved"},"geometry":{"type":"LineString","coordinates":[[123.1871951,13.6215622],[123.1874205,13.6218981],[123.1876243,13.6222175],[123.1880557,13.6228576]]}},{"type":"Feature","properties":{"osm_id":23519584,"highway":"residential","name":"Cathedral Street"},"geometry":{"type":"LineString","coordinates":[[123.1865797,13.6297647],[123.1873837,13.6315008]]}},{"type":"Feature","properties":{"osm_id":23519590,"highway":"residential"},"geometry":{"type":"LineString","coordinates":[[123.1989375,13.617793],[123.1990182,13.6177119]]}},{"type":"Feature","properties":{"osm_id":23519593,"highway":"residential"},"geometry":{"type":"LineString","coordinates":[[123.1927241,13.6217537],[123.1940169,13.6215517]]}},{"type":"Feature","properties":{"osm_id":23519605,"highway":"tertiary","name":"Fraternidad Street","lit":"yes"},"geometry":{"type":"LineString","coordinates":[[123.1819431,13.6176433],[123.1816563,13.6178377]]}},{"type":"Feature","properties":{"osm_id":23519612,"highway":"residential","name":"Ojeda Street","surface":"paved"},"geometry":{"type":"LineString","coordinates":[[123.1858437,13.6217164],[123.1853563,13.6227773],[123.185042,13.6228618]]}},{"type":"Feature","properties":{"osm_id":23519613,"highway":"secondary","lit":"yes"},"geometry":{"type":"LineString","coordinates":[[123.1885479,13.6177951],[123.188419,13.6175893]]}},{"type":"Feature","properties":{"osm_id":23519615,"highway":"residential"},"geometry":{"type":"LineString","coordinates":[[123.188419,13.6175893],[123.1873818,13.6183571]]}},{"type":"Feature","properties":{"osm_id":23519632,"highway":"residential","surface":"unpaved"},"geometry":{"type":"LineString","coordinates":[[123.1991999,13.6285523],[123.2000657,13.6285469]]}},{"type":"Feature","properties":{"osm_id":23519660,"highway":"residential","surface":"unpaved"},"geometry":{"type":"LineString","coordinates":[[123.2000657,13.6285469],[123.2006351,13.6285297],[123.2010239,13.6286503]]}},{"type":"Feature","properties":{"osm_id":23519667,"highway":"tertiary","name":"Taal Avenue","surface":"asphalt","lit":"yes"},"geometry":{"type":"LineString","coordinates":[[123.1976892,13.6285117],[123.1978002,13.6285605],[123.1978101,13.6285648],[123.198008,13.6285709],[123.1984021,13.6285729],[123.1991999,13.6285523]]}},{"type":"Feature","properties":{"osm_id":23519677,"highway":"residential","name":"Harvard Street","surface":"paved"},"geometry":{"type":"LineString","coordinates":[[123.2001119,13.6239752],[123.1997685,13.6217801]]}},{"type":"Feature","properties":{"osm_id":23519681,"highway":"residential"},"geometry":{"type":"LineString","coordinates":[[123.1831125,13.628636],[123.1829439,13.6287092],[123.1823941,13.6289255],[123.1822346,13.6289908]]}},{"type":"Feature","properties":{"osm_id":23519688,"highway":"residential","name":"Mayflower Street","surface":"paved"},"geometry":{"type":"LineString","coordinates":[[123.1996279,13.6247665],[123.2003272,13.6244714],[123.2010138,13.6241955],[123.2015663,13.6239784],[123.2018108,13.6238904],[123.2020183,13.6238455]]}},{"type":"Feature","properties":{"osm_id":23519691,"highway":"residential"},"geometry":{"type":"LineString","coordinates":[[123.1963249,13.6244455],[123.1959759,13.6217698]]}},{"type":"Feature","properties":{"osm_id":23519695,"highway":"residential"},"geometry":{"type":"LineString","coordinates":[[123.1991501,13.6188268],[123.1993936,13.6184742]]}},{"type":"Feature","properties":{"osm_id":23519698,"highway":"residential"},"geometry":{"type":"LineString","coordinates":[[123.1993936,13.6184742],[123.1991335,13.6183183],[123.1988266,13.618133],[123.1987177,13.6180671]]}},{"type":"Feature","properties":{"osm_id":23519706,"highway":"secondary","name":"Dayangdang Street","surface":"paved","lanes":"1"},"geometry":{"type":"LineString","coordinates":[[123.1897931,13.626796],[123.1899232,13.6269858],[123.190336,13.627462],[123.1905581,13.627704],[123.1909951,13.6280929],[123.1916234,13.6285933],[123.1921229,13.6289733],[123.1925532,13.6292491],[123.192985,13.6293413],[123.1934182,13.6294082],[123.1938091,13.6294686],[123.1942668,13.6295387],[123.1946827,13.6296707],[123.1949916,13.6298714],[123.1951639,13.6300126],[123.1952623,13.6300933],[123.1954433,13.6302483]]}},{"type":"Feature","properties":{"osm_id":23519707,"highway":"residential"},"geometry":{"type":"LineString","coordinates":[[123.1990182,13.6177119],[123.19923,13.6174823]]}},{"type":"Feature","properties":{"osm_id":23519710,"highway":"tertiary","name":"Boning Sia Sr. Street","surface":"asphalt","lit":"yes"},"geometry":{"type":"LineString","coordinates":[[123.1907329,13.618347],[123.1904714,13.6184315],[123.1900231,13.6185684]]}},{"type":"Feature","properties":{"osm_id":23519717,"highway":"residential","name":"Broadway Avenue","surface":"paved"},"geometry":{"type":"LineString","coordinates":[[123.1994308,13.6292248],[123.1996081,13.6291319],[123.1998783,13.6291001],[123.2001635,13.6291239],[123.2004746,13.6290706],[123.2006811,13.6289719],[123.2009377,13.6287312],[123.2010239,13.6286503],[123.2012223,13.6284522],[123.2013751,13.6282969],[123.2014638,13.6281901],[123.2015456,13.6280719],[123.2015779,13.627915],[123.2015742,13.6276685],[123.201578,13.627457],[123.201572,13.6271451],[123.201575,13.627006],[123.2015746,13.6268358],[123.201562,13.6266542]]}},{"type":"Feature","properties":{"osm_id":23519721,"highway":"residential"},"geometry":{"type":"LineString","coordinates":[[123.1787252,13.6255666],[123.1785835,13.625572],[123.1784536,13.6255704],[123.1783511,13.6255748],[123.1782733,13.625583],[123.1781591,13.625613],[123.1779637,13.6257215]]}},{"type":"Feature","properties":{"osm_id":23519724,"highway":"residential","name":"Reno Street","surface":"paved"},"geometry":{"type":"LineString","coordinates":[[123.2004896,13.6223578],[123.2005414,13.6223434],[123.2010255,13.6220969],[123.2011407,13.622052],[123.20157,13.6218032],[123.2017077,13.6217066],[123.2018444,13.6216387],[123.2018919,13.62163],[123.2019281,13.621635],[123.2019583,13.6216396],[123.20199,13.6216593],[123.2020234,13.6216852],[123.202041,13.6217503]]}},{"type":"Feature","properties":{"osm_id":23519732,"highway":"residential","name":"Jolly Neighbors Street"},"geometry":{"type":"LineString","coordinates":[[123.179804,13.6257239],[123.1797249,13.6257741],[123.1794622,13.625901],[123.1792698,13.6259957],[123.1790629,13.6260845],[123.1788807,13.6261841],[123.178717,13.6262687],[123.1786389,13.6263176],[123.1785677,13.6263632],[123.178414,13.6264417],[123.1783224,13.6264923],[123.1781265,13.6265952],[123.1779026,13.6266982],[123.1777269,13.6267894],[123.1775378,13.6268897],[123.1773277,13.6270207],[123.1770447,13.6272625]]}},{"type":"Feature","properties":{"osm_id":23519740,"highway":"residential"},"geometry":{"type":"LineString","coordinates":[[123.2010239,13.6286503],[123.2013932,13.6288335]]}},{"type":"Feature","properties":{"osm_id":23519747,"highway":"residential"},"geometry":{"type":"LineString","coordinates":[[123.1876952,13.6176434],[123.1871444,13.618067]]}},{"type":"Feature","properties":{"osm_id":23519756,"highway":"residential","surface":"concrete"},"geometry":{"type":"LineString","coordinates":[[123.1975447,13.6200721],[123.1970093,13.6201628]]}},{"type":"Feature","properties":{"osm_id":23519757,"highway":"residential","name":"4th Street","surface":"paved"},"geometry":{"type":"LineString","coordinates":[[123.2002773,13.6163868],[123.2006696,13.6167758],[123.2014864,13.6176076],[123.2026961,13.6188922]]}},{"type":"Feature","properties":{"osm_id":23519762,"highway":"residential","name":"Dao Street","surface":"paved"},"geometry":{"type":"LineString","coordinates":[[123.2008539,13.629772],[123.2013932,13.6288335]]}},{"type":"Feature","properties":{"osm_id":23519763,"highway":"service"},"geometry":{"type":"LineString","coordinates":[[123.18197,13.6122453],[123.1820738,13.6122198],[123.1822057,13.6122153],[123.1823538,13.6122134],[123.1826163,13.6123919],[123.1827262,13.6125875],[123.1827906,13.6128246],[123.1829381,13.6130645],[123.1830776,13.613174]]}},{"type":"Feature","properties":{"osm_id":23519767,"highway":"tertiary","name":"Ramon Felipe Jr. Street","lit":"yes"},"geometry":{"type":"LineString","coordinates":[[123.1923613,13.6197432],[123.1923351,13.6196241],[123.1920987,13.6181548]]}},{"type":"Feature","properties":{"osm_id":23519775,"highway":"residential"},"geometry":{"type":"LineString","coordinates":[[123.2013932,13.6288335],[123.201844,13.6290052]]}},{"type":"Feature","properties":{"osm_id":23519780,"highway":"secondary","lit":"yes"},"geometry":{"type":"LineString","coordinates":[[123.1887481,13.6182291],[123.1886973,13.618025],[123.1885479,13.6177951]]}},{"type":"Feature","properties":{"osm_id":23519786,"highway":"residential"},"geometry":{"type":"LineString","coordinates":[[123.176954,13.6219165],[123.1772479,13.6223579]]}},{"type":"Feature","properties":{"osm_id":23519789,"highway":"service"},"geometry":{"type":"LineString","coordinates":[[123.1959273,13.6180512],[123.19597,13.6183542],[123.1959857,13.6184267],[123.1960139,13.6184632],[123.1961024,13.6184593],[123.1961976,13.618475],[123.1962915,13.6185584],[123.1963974,13.6186209],[123.1964591,13.6186861],[123.1964926,13.6188503],[123.1966147,13.6189663]]}},{"type":"Feature","properties":{"osm_id":23519791,"highway":"residential"},"geometry":{"type":"LineString","coordinates":[[123.1766138,13.6221896],[123.176954,13.6219165],[123.1771911,13.6217114]]}},{"type":"Feature","properties":{"osm_id":23519797,"highway":"service"},"geometry":{"type":"LineString","coordinates":[[123.1955852,13.6180898],[123.1959273,13.6180512]]}},{"type":"Feature","properties":{"osm_id":23519809,"highway":"residential","name":"Pagdahicon Road","surface":"paved"},"geometry":{"type":"LineString","coordinates":[[123.1828634,13.6146928],[123.183352,13.61437],[123.184042,13.61396],[123.1842846,13.6137408],[123.1844113,13.6134076],[123.184755,13.6116655],[123.1848378,13.6112208],[123.1849183,13.6107515],[123.1850855,13.6099315],[123.1851227,13.6097856],[123.1852508,13.6094285],[123.1853849,13.6090778],[123.1854778,13.6087489],[123.1856377,13.6082457],[123.1857856,13.6077759],[123.1859515,13.6073593],[123.1860965,13.6068713],[123.1862544,13.6064483],[123.1863291,13.6062016],[123.1863614,13.6060184],[123.1863525,13.6047484],[123.186331,13.6042049],[123.1863351,13.6038764],[123.186332,13.603689],[123.1863131,13.6030869]]}},{"type":"Feature","properties":{"osm_id":23519819,"highway":"tertiary","name":"Valentin Street","surface":"paved","lit":"yes"},"geometry":{"type":"LineString","coordinates":[[123.1805749,13.6184692],[123.1813088,13.6180762]]}},{"type":"Feature","properties":{"osm_id":23519822,"highway":"residential","name":"Abe Dy Street"},"geometry":{"type":"LineString","coordinates":[[123.1933719,13.627661],[123.193172,13.6277675],[123.1929722,13.6279345],[123.1927335,13.6281647],[123.1922374,13.6286027]]}},{"type":"Feature","properties":{"osm_id":23519837,"highway":"residential","surface":"unpaved"},"geometry":{"type":"LineString","coordinates":[[123.2042644,13.6277386],[123.2042657,13.627841],[123.2042724,13.6280274],[123.204277,13.6282036],[123.2042871,13.6283493],[123.2042845,13.6284001],[123.2042509,13.6284445],[123.2041839,13.6284757],[123.203972,13.62852],[123.2036917,13.6285748],[123.2035026,13.6286035],[123.2032827,13.62864],[123.2030962,13.6286725],[123.2030225,13.6286751],[123.2028651,13.6285869],[123.2024238,13.6282928]]}},{"type":"Feature","properties":{"osm_id":23519843,"highway":"residential"},"geometry":{"type":"LineString","coordinates":[[123.1775378,13.6268897],[123.1773394,13.6265079],[123.1771329,13.6261468]]}},{"type":"Feature","properties":{"osm_id":23519846,"highway":"residential"},"geometry":{"type":"LineString","coordinates":[[123.1936233,13.6283396],[123.1937292,13.6285572],[123.1937978,13.6287432]]}},{"type":"Feature","properties":{"osm_id":23519849,"highway":"residential"},"geometry":{"type":"LineString","coordinates":[[123.1779637,13.6257215],[123.1779067,13.6257467],[123.1777081,13.6258483],[123.1775204,13.6259473],[123.1773842,13.6260161],[123.1773382,13.6260481],[123.1772226,13.626096],[123.1771329,13.6261468],[123.1770151,13.6262066],[123.1769187,13.6262556]]}},{"type":"Feature","properties":{"osm_id":23519854,"highway":"tertiary","name":"Isarog Street","surface":"paved","lit":"yes"},"geometry":{"type":"LineString","coordinates":[[123.1921186,13.6223045],[123.1921934,13.6228509],[123.1922536,13.6233227],[123.1922908,13.6236201],[123.1923056,13.6237765],[123.1923183,13.6239163],[123.1923747,13.6242953],[123.1924541,13.6247469],[123.1925452,13.6251379],[123.1926229,13.6255096]]}},{"type":"Feature","properties":{"osm_id":23519858,"highway":"residential"},"geometry":{"type":"LineString","coordinates":[[123.1951639,13.6300126],[123.1951269,13.6300466],[123.1950748,13.6301362],[123.1950201,13.6302132],[123.1949209,13.6302991]]}},{"type":"Feature","properties":{"osm_id":23519868,"highway":"residential","name":"Broadway Avenue","surface":"paved"},"geometry":{"type":"LineString","coordinates":[[123.20157,13.6218032],[123.2015663,13.6239784]]}},{"type":"Feature","properties":{"osm_id":23519884,"highway":"residential"},"geometry":{"type":"LineString","coordinates":[[123.1784536,13.6255704],[123.1785391,13.6254257]]}},{"type":"Feature","properties":{"osm_id":23519886,"highway":"residential","name":"Scout Juvi Fuentebella Street","surface":"paved"},"geometry":{"type":"LineString","coordinates":[[123.1992024,13.6218749],[123.1997685,13.6217801],[123.200102,13.6217182],[123.2001552,13.6217073],[123.2001995,13.6217152],[123.200248,13.621752],[123.2003293,13.6218957],[123.2003875,13.6220046],[123.2004364,13.6221374],[123.2004784,13.6222665],[123.2004896,13.6223578]]}},{"type":"Feature","properties":{"osm_id":23519893,"highway":"residential","name":"Railroad Street","surface":"paved"},"geometry":{"type":"LineString","coordinates":[[123.1855376,13.6194203],[123.1855462,13.619242],[123.185237,13.6188796],[123.185289,13.6187144]]}},{"type":"Feature","properties":{"osm_id":23519894,"highway":"service"},"geometry":{"type":"LineString","coordinates":[[123.1959273,13.6180512],[123.19621,13.6180235]]}},{"type":"Feature","properties":{"osm_id":23519895,"highway":"residential","name":"4th Street Extension"},"geometry":{"type":"LineString","coordinates":[[123.1787961,13.6255731],[123.1786413,13.6253472]]}},{"type":"Feature","properties":{"osm_id":23519896,"highway":"service"},"geometry":{"type":"LineString","coordinates":[[123.19621,13.6180235],[123.1962558,13.618366]]}},{"type":"Feature","properties":{"osm_id":23519897,"highway":"residential","name":"Prieto Street","surface":"asphalt","lanes":"2","oneway":"yes"},"geometry":{"type":"LineString","coordinates":[[123.1852378,13.6220187],[123.1842842,13.6220819]]}},{"type":"Feature","properties":{"osm_id":23519906,"highway":"residential","name":"Igualdad Interior","surface":"paved"},"geometry":{"type":"LineString","coordinates":[[123.1829675,13.6219686],[123.18111,13.622456],[123.1809652,13.6224776]]}},{"type":"Feature","properties":{"osm_id":23519907,"highway":"residential"},"geometry":{"type":"LineString","coordinates":[[123.1984619,13.6184325],[123.1987177,13.6180671],[123.1987727,13.6179838]]}},{"type":"Feature","properties":{"osm_id":23519917,"highway":"residential","name":"M. Imperial Street"},"geometry":{"type":"LineString","coordinates":[[123.1933719,13.627661],[123.1934211,13.6277544],[123.1935053,13.6279607],[123.1935371,13.6280915]]}},{"type":"Feature","properties":{"osm_id":23519918,"highway":"residential","name":"Scout Juvi Fuentebella Street","surface":"paved"},"geometry":{"type":"LineString","coordinates":[[123.2004896,13.6223578],[123.200485,13.6224439],[123.2004943,13.6226033],[123.200588,13.623402],[123.2005585,13.6237954]]}},{"type":"Feature","properties":{"osm_id":23519928,"highway":"service"},"geometry":{"type":"LineString","coordinates":[[123.1798778,13.6180529],[123.1791504,13.6182849]]}},{"type":"Feature","properties":{"osm_id":23519938,"highway":"service"},"geometry":{"type":"LineString","coordinates":[[123.1798778,13.6180529],[123.1800907,13.61863],[123.1801192,13.6187342],[123.1803212,13.6193183]]}},{"type":"Feature","properties":{"osm_id":23519942,"highway":"residential"},"geometry":{"type":"LineString","coordinates":[[123.1871444,13.618067],[123.1869809,13.6182039]]}},{"type":"Feature","properties":{"osm_id":23519946,"highway":"residential"},"geometry":{"type":"LineString","coordinates":[[123.1871444,13.618067],[123.1872869,13.6182365],[123.1873818,13.6183571],[123.1875369,13.6185569]]}},{"type":"Feature","properties":{"osm_id":23519953,"highway":"tertiary","lit":"yes"},"geometry":{"type":"LineString","coordinates":[[123.1780271,13.6253615],[123.1777843,13.6247971],[123.1777198,13.6245889],[123.1777125,13.6243161],[123.1777233,13.6241292],[123.1777064,13.6240365],[123.177643,13.6238836],[123.1776448,13.6238097],[123.1777199,13.6235217],[123.1777385,13.6234646]]}},{"type":"Feature","properties":{"osm_id":23519972,"highway":"residential","name":"Riverdale Street","surface":"paved"},"geometry":{"type":"LineString","coordinates":[[123.2044264,13.6277419],[123.2042644,13.6277386],[123.2038647,13.6277194],[123.2034556,13.6276809],[123.2032393,13.6276654],[123.2030714,13.6276551],[123.2029664,13.6276498],[123.2027467,13.6276053],[123.2025437,13.6275388],[123.2023113,13.627451],[123.2021097,13.6273776],[123.2020173,13.627331],[123.2018126,13.6272331],[123.201572,13.6271451],[123.20147,13.6271143],[123.2013358,13.6271118],[123.2012366,13.6271479],[123.2011094,13.6272742],[123.2009737,13.627417],[123.2008091,13.6276322],[123.2006871,13.6277729],[123.2005552,13.6279373],[123.2004595,13.6280449],[123.2002482,13.628297],[123.2000657,13.6285469]]}},{"type":"Feature","properties":{"osm_id":23520007,"highway":"secondary","name":"Prieto Street","surface":"asphalt","oneway":"yes","lit":"yes"},"geometry":{"type":"LineString","coordinates":[[123.1835986,13.6221769],[123.1842842,13.6220819]]}},{"type":"Feature","properties":{"osm_id":23520015,"highway":"residential"},"geometry":{"type":"LineString","coordinates":[[123.1885479,13.6177951],[123.1875369,13.6185569],[123.1873633,13.6186403],[123.1870212,13.618722]]}},{"type":"Feature","properties":{"osm_id":23520021,"highway":"residential","name":"M. Imperial Street"},"geometry":{"type":"LineString","coordinates":[[123.1935371,13.6280915],[123.1936233,13.6283396]]}},{"type":"Feature","properties":{"osm_id":23520022,"highway":"residential","name":"3rd Street","surface":"paved"},"geometry":{"type":"LineString","coordinates":[[123.2000565,13.6165958],[123.2012912,13.617861],[123.2024139,13.619091]]}},{"type":"Feature","properties":{"osm_id":23520030,"highway":"residential","name":"Castañeda Street","surface":"paved"},"geometry":{"type":"LineString","coordinates":[[123.2024217,13.6280771],[123.204277,13.6282036]]}},{"type":"Feature","properties":{"osm_id":23520033,"highway":"residential"},"geometry":{"type":"LineString","coordinates":[[123.1768206,13.6263985],[123.1768968,13.626762],[123.1769491,13.6269875],[123.1770447,13.6272625]]}},{"type":"Feature","properties":{"osm_id":23520035,"highway":"residential","surface":"unpaved"},"geometry":{"type":"LineString","coordinates":[[123.2024217,13.6280771],[123.2024238,13.6282928]]}},{"type":"Feature","properties":{"osm_id":23520037,"highway":"residential","name":"Union Street","surface":"paved"},"geometry":{"type":"LineString","coordinates":[[123.1834031,13.6179543],[123.1828525,13.6181336],[123.1825337,13.6183432]]}},{"type":"Feature","properties":{"osm_id":23520038,"highway":"residential","name":"Lakandula Street","surface":"paved"},"geometry":{"type":"LineString","coordinates":[[123.1869441,13.6224271],[123.1876243,13.6222175]]}},{"type":"Feature","properties":{"osm_id":23520043,"highway":"residential"},"geometry":{"type":"LineString","coordinates":[[123.1766138,13.6221896],[123.1772529,13.6227072]]}},{"type":"Feature","properties":{"osm_id":23520045,"highway":"residential"},"geometry":{"type":"LineString","coordinates":[[123.1764646,13.6223356],[123.1766138,13.6221896]]}},{"type":"Feature","properties":{"osm_id":23520047,"highway":"residential","name":"Castañeda Street","surface":"paved"},"geometry":{"type":"LineString","coordinates":[[123.2020321,13.6280501],[123.2024217,13.6280771]]}},{"type":"Feature","properties":{"osm_id":23520050,"highway":"residential","surface":"unpaved"},"geometry":{"type":"LineString","coordinates":[[123.201795,13.6285051],[123.2020321,13.6280501]]}},{"type":"Feature","properties":{"osm_id":23520061,"highway":"residential"},"geometry":{"type":"LineString","coordinates":[[123.179385,13.6253567],[123.1792191,13.6254537],[123.17905,13.6255519],[123.179016,13.625582],[123.1787961,13.6255731],[123.1787252,13.6255666]]}},{"type":"Feature","properties":{"osm_id":23520062,"highway":"residential","name":"Temporo Dy Street"},"geometry":{"type":"LineString","coordinates":[[123.1929152,13.6288804],[123.1930131,13.6284691],[123.193172,13.6283],[123.1935371,13.6280915]]}},{"type":"Feature","properties":{"osm_id":23520067,"highway":"residential","surface":"concrete","lanes":"2"},"geometry":{"type":"LineString","coordinates":[[123.1982742,13.6306942],[123.1977397,13.6302839]]}},{"type":"Feature","properties":{"osm_id":23520071,"highway":"service","surface":"paved"},"geometry":{"type":"LineString","coordinates":[[123.1906851,13.6196015],[123.1890738,13.6200444]]}},{"type":"Feature","properties":{"osm_id":23520075,"highway":"residential","name":"Looban Otso"},"geometry":{"type":"LineString","coordinates":[[123.1805428,13.6251321],[123.180201,13.625536],[123.1800372,13.6256715],[123.1799219,13.6257113],[123.179804,13.6257239]]}},{"type":"Feature","properties":{"osm_id":23520076,"highway":"residential"},"geometry":{"type":"LineString","coordinates":[[123.1964237,13.6252886],[123.1963249,13.6244455]]}},{"type":"Feature","properties":{"osm_id":23520081,"highway":"residential","name":"Rienacemiento Street","surface":"paved"},"geometry":{"type":"LineString","coordinates":[[123.1811276,13.616589],[123.1813218,13.6168318],[123.1813832,13.6169197],[123.181439,13.6169854],[123.1815543,13.6171212],[123.1817331,13.6173791],[123.1819431,13.6176433],[123.1825337,13.6183432],[123.1828664,13.6188366],[123.1832988,13.619291]]}},{"type":"Feature","properties":{"osm_id":23520083,"highway":"tertiary","name":"Crescenciana Anciano Street","surface":"paved","lit":"yes"},"geometry":{"type":"LineString","coordinates":[[123.1940187,13.6193384],[123.1937681,13.61952],[123.1936806,13.6195855],[123.1928984,13.6196849],[123.1923613,13.6197432]]}},{"type":"Feature","properties":{"osm_id":23520097,"highway":"residential","name":"Crescenciana Anciano Street","surface":"paved"},"geometry":{"type":"LineString","coordinates":[[123.1891536,13.6204404],[123.1890864,13.6204642],[123.1888161,13.6205491],[123.1887603,13.6205657],[123.1886237,13.6205957],[123.1882841,13.6207371],[123.1879684,13.6208404]]}},{"type":"Feature","properties":{"osm_id":23520101,"highway":"secondary","lit":"yes"},"geometry":{"type":"LineString","coordinates":[[123.1881855,13.6172846],[123.1878174,13.6167977],[123.1877261,13.6165892],[123.1876125,13.6163461]]}},{"type":"Feature","properties":{"osm_id":23520105,"highway":"residential","surface":"concrete"},"geometry":{"type":"LineString","coordinates":[[123.1849297,13.6213089],[123.1850777,13.6206543]]}},{"type":"Feature","properties":{"osm_id":23520113,"highway":"residential"},"geometry":{"type":"LineString","coordinates":[[123.1808795,13.6223507],[123.1809652,13.6224776]]}},{"type":"Feature","properties":{"osm_id":23520116,"highway":"residential","name":"Balintawak Street","surface":"concrete","lanes":"2"},"geometry":{"type":"LineString","coordinates":[[123.1847011,13.6195096],[123.1850145,13.6198207],[123.1852613,13.6200065],[123.1859605,13.6206386],[123.1865039,13.6212172],[123.1865959,13.6214504],[123.1869441,13.6224271],[123.1871003,13.6229065]]}},{"type":"Feature","properties":{"osm_id":23520117,"highway":"residential","name":"Everlasting Street","surface":"paved"},"geometry":{"type":"LineString","coordinates":[[123.1920987,13.6181548],[123.1920921,13.6180317],[123.1921139,13.6179601],[123.1921756,13.6179314],[123.1925777,13.6178434],[123.1932557,13.6176199]]}},{"type":"Feature","properties":{"osm_id":23520132,"highway":"residential"},"geometry":{"type":"LineString","coordinates":[[123.2038686,13.6302947],[123.2029799,13.6301528]]}},{"type":"Feature","properties":{"osm_id":23520134,"highway":"residential","name":"B Street"},"geometry":{"type":"LineString","coordinates":[[123.1940635,13.6194292],[123.1942682,13.6198865],[123.1948279,13.6211238],[123.194959,13.621366]]}},{"type":"Feature","properties":{"osm_id":23520136,"highway":"residential","name":"Catmon I","surface":"paved"},"geometry":{"type":"LineString","coordinates":[[123.1971993,13.6309166],[123.1964182,13.6302379]]}},{"type":"Feature","properties":{"osm_id":23520142,"highway":"residential","name":"Santiago Ⅲ Street","surface":"paved"},"geometry":{"type":"LineString","coordinates":[[123.191813,13.6307565],[123.1921305,13.6304008],[123.192043,13.630289],[123.1919893,13.6303149],[123.1918667,13.63021]]}},{"type":"Feature","properties":{"osm_id":23520146,"highway":"residential"},"geometry":{"type":"LineString","coordinates":[[123.189777,13.616973],[123.1885479,13.6177951]]}},{"type":"Feature","properties":{"osm_id":23520149,"highway":"secondary","name":"Felix Plazo Street","surface":"concrete","lanes":"2"},"geometry":{"type":"LineString","coordinates":[[123.1789765,13.6177428],[123.1790135,13.6178769],[123.1791504,13.6182849],[123.1792305,13.6185975],[123.1792702,13.6187487],[123.1792871,13.6188133]]}},{"type":"Feature","properties":{"osm_id":23520170,"highway":"tertiary","name":"Arana Street","surface":"asphalt","oneway":"yes","lit":"yes"},"geometry":{"type":"LineString","coordinates":[[123.1862602,13.6246868],[123.1859231,13.6248803]]}},{"type":"Feature","properties":{"osm_id":23520174,"highway":"residential","name":"Santiago Ⅰ Street","surface":"paved"},"geometry":{"type":"LineString","coordinates":[[123.1913947,13.6303709],[123.1917261,13.6299507]]}},{"type":"Feature","properties":{"osm_id":23520183,"highway":"residential","name":"Santiago Ⅰ Street","surface":"paved"},"geometry":{"type":"LineString","coordinates":[[123.1919417,13.6301464],[123.1917261,13.6299507]]}},{"type":"Feature","properties":{"osm_id":23520192,"highway":"residential"},"geometry":{"type":"LineString","coordinates":[[123.2010207,13.6304121],[123.201229,13.6300129]]}},{"type":"Feature","properties":{"osm_id":23520207,"highway":"residential"},"geometry":{"type":"LineString","coordinates":[[123.2029755,13.6229677],[123.2029767,13.6222128],[123.202748,13.621816],[123.2024066,13.6212746],[123.2023793,13.6208833]]}},{"type":"Feature","properties":{"osm_id":23520233,"highway":"residential","name":"Camia Street","surface":"paved"},"geometry":{"type":"LineString","coordinates":[[123.1951574,13.6173],[123.1948493,13.6170956]]}},{"type":"Feature","properties":{"osm_id":23520238,"highway":"service"},"geometry":{"type":"LineString","coordinates":[[123.1996744,13.6253901],[123.1995845,13.6253974],[123.1992815,13.6254474],[123.1989522,13.6254998],[123.19871,13.6255188],[123.1983392,13.6255498],[123.1982605,13.6255647],[123.1982929,13.6259274]]}},{"type":"Feature","properties":{"osm_id":23520266,"highway":"residential"},"geometry":{"type":"LineString","coordinates":[[123.1881855,13.6172846],[123.1876952,13.6176434]]}},{"type":"Feature","properties":{"osm_id":23520268,"highway":"service"},"geometry":{"type":"LineString","coordinates":[[123.1936429,13.6188854],[123.1935974,13.6186317],[123.1937023,13.6186021]]}},{"type":"Feature","properties":{"osm_id":23520271,"highway":"service"},"geometry":{"type":"LineString","coordinates":[[123.1936429,13.6188854],[123.193825,13.6188914]]}},{"type":"Feature","properties":{"osm_id":23520305,"highway":"tertiary","name":"Wisdom Road"},"geometry":{"type":"LineString","coordinates":[[123.1982592,13.6210475],[123.198144,13.6207101]]}},{"type":"Feature","properties":{"osm_id":23520311,"highway":"service"},"geometry":{"type":"LineString","coordinates":[[123.1849891,13.6301171],[123.1851328,13.6303805]]}},{"type":"Feature","properties":{"osm_id":23520323,"highway":"residential"},"geometry":{"type":"LineString","coordinates":[[123.1990182,13.6177119],[123.1987575,13.6172214]]}},{"type":"Feature","properties":{"osm_id":23520326,"highway":"unclassified"},"geometry":{"type":"LineString","coordinates":[[123.1759696,13.6210572],[123.1757319,13.6209908],[123.1755298,13.6209345],[123.1741894,13.6205154]]}},{"type":"Feature","properties":{"osm_id":23520334,"highway":"residential"},"geometry":{"type":"LineString","coordinates":[[123.1984159,13.6173605],[123.1987575,13.6172214]]}},{"type":"Feature","properties":{"osm_id":23520340,"highway":"service","name":"B Street"},"geometry":{"type":"LineString","coordinates":[[123.1940187,13.6193384],[123.193825,13.6188914],[123.1937023,13.6186021],[123.1936583,13.6184863],[123.1935521,13.6182354],[123.1934058,13.6179167],[123.1932557,13.6176199]]}},{"type":"Feature","properties":{"osm_id":23520342,"highway":"residential","name":"Mayflower Street"},"geometry":{"type":"LineString","coordinates":[[123.195802,13.625386],[123.1964237,13.6252886]]}},{"type":"Feature","properties":{"osm_id":23520349,"highway":"tertiary","name":"M. Castro Street","surface":"concrete","lanes":"2","lit":"yes"},"geometry":{"type":"LineString","coordinates":[[123.1952073,13.6252639],[123.1947125,13.6253024],[123.1945728,13.6253228],[123.1926229,13.6255096],[123.191757,13.6256052],[123.1904574,13.6257354],[123.1904497,13.6257362],[123.1903752,13.6257421],[123.1901489,13.6257603],[123.1899196,13.6257746],[123.1898284,13.6257912],[123.1897312,13.6258093]]}},{"type":"Feature","properties":{"osm_id":23520354,"highway":"residential","name":"Mangga Street","surface":"paved"},"geometry":{"type":"LineString","coordinates":[[123.1988434,13.6299361],[123.1997451,13.6306855],[123.1999555,13.6308677],[123.2002524,13.6310346],[123.2004957,13.6311312],[123.200581,13.6311107],[123.2006326,13.6310294],[123.2007479,13.6308288]]}},{"type":"Feature","properties":{"osm_id":23520356,"highway":"residential"},"geometry":{"type":"LineString","coordinates":[[123.1888745,13.6189021],[123.1884773,13.6190348],[123.1879808,13.6191887],[123.1875329,13.6193022]]}},{"type":"Feature","properties":{"osm_id":23520370,"highway":"residential","name":"Paraiso Street","lanes":"2"},"geometry":{"type":"LineString","coordinates":[[123.1816534,13.625562],[123.181593,13.625983],[123.181539,13.626552],[123.181431,13.6266538],[123.18137,13.6267113],[123.1811035,13.6264908],[123.1808554,13.6262118]]}},{"type":"Feature","properties":{"osm_id":23520372,"highway":"residential"},"geometry":{"type":"LineString","coordinates":[[123.1775838,13.6206505],[123.1776368,13.6204543]]}},{"type":"Feature","properties":{"osm_id":23520374,"highway":"residential","name":"Narra Street","surface":"paved"},"geometry":{"type":"LineString","coordinates":[[123.1994308,13.6292248],[123.1991124,13.6296103],[123.1988434,13.6299361],[123.1984684,13.6303947],[123.1984553,13.6304272],[123.198433,13.6304874],[123.1987712,13.6307745],[123.1989775,13.6309301],[123.1991397,13.6311342],[123.1992544,13.6312993],[123.1993432,13.6313551],[123.1994808,13.6314401],[123.199581,13.6314887],[123.1996352,13.6313952],[123.1997425,13.6311189],[123.199768,13.6310824],[123.1998377,13.6310524],[123.1998833,13.6310472],[123.1999555,13.6308677]]}},{"type":"Feature","properties":{"osm_id":23520379,"highway":"residential"},"geometry":{"type":"LineString","coordinates":[[123.1888539,13.6172729],[123.188419,13.6175893]]}},{"type":"Feature","properties":{"osm_id":23520383,"highway":"secondary","lit":"yes"},"geometry":{"type":"LineString","coordinates":[[123.188419,13.6175893],[123.1883139,13.6174524],[123.1881855,13.6172846]]}},{"type":"Feature","properties":{"osm_id":23520386,"highway":"residential"},"geometry":{"type":"LineString","coordinates":[[123.1772943,13.6204911],[123.1776368,13.6204543]]}},{"type":"Feature","properties":{"osm_id":23520406,"highway":"residential"},"geometry":{"type":"LineString","coordinates":[[123.1804818,13.6225315],[123.1808795,13.6223507]]}},{"type":"Feature","properties":{"osm_id":23520410,"highway":"residential"},"geometry":{"type":"LineString","coordinates":[[123.190075,13.6238212],[123.1910112,13.623741],[123.1922908,13.6236201]]}},{"type":"Feature","properties":{"osm_id":23520412,"highway":"residential","name":"Camia Street","surface":"paved"},"geometry":{"type":"LineString","coordinates":[[123.1938292,13.6179367],[123.1948433,13.6176646],[123.1951243,13.6174536],[123.1951733,13.6173516],[123.1951574,13.6173]]}},{"type":"Feature","properties":{"osm_id":23520423,"highway":"residential","name":"Mayflower Street"},"geometry":{"type":"LineString","coordinates":[[123.1964237,13.6252886],[123.1976509,13.625116]]}},{"type":"Feature","properties":{"osm_id":23520428,"highway":"residential","name":"Mother Francesca Street"},"geometry":{"type":"LineString","coordinates":[[123.1861488,13.6299509],[123.1871803,13.6321333]]}},{"type":"Feature","properties":{"osm_id":23520448,"highway":"residential","name":"Seton Road"},"geometry":{"type":"LineString","coordinates":[[123.193702,13.6197001],[123.1937519,13.619966],[123.1939656,13.6212456],[123.1940169,13.6215517],[123.1940576,13.6218299],[123.1940939,13.622033]]}},{"type":"Feature","properties":{"osm_id":23520450,"highway":"residential","name":"5th Street","surface":"paved"},"geometry":{"type":"LineString","coordinates":[[123.2018927,13.6174374],[123.20294,13.6187243]]}},{"type":"Feature","properties":{"osm_id":23520471,"highway":"residential"},"geometry":{"type":"LineString","coordinates":[[123.1813301,13.6221301],[123.1808795,13.6223507]]}},{"type":"Feature","properties":{"osm_id":23520473,"highway":"unclassified","name":"Riverside Street","surface":"concrete","oneway":"yes"},"geometry":{"type":"LineString","coordinates":[[123.1856371,13.6210267],[123.1858202,13.6211761],[123.1861486,13.6216528],[123.1862962,13.6219889],[123.1864508,13.6223142],[123.1865701,13.6225932],[123.1866887,13.6230583]]}},{"type":"Feature","properties":{"osm_id":23520477,"highway":"residential","name":"Catmon II","surface":"paved"},"geometry":{"type":"LineString","coordinates":[[123.1969103,13.6299025],[123.1972603,13.6302022],[123.1976009,13.630452]]}},{"type":"Feature","properties":{"osm_id":23520479,"highway":"residential"},"geometry":{"type":"LineString","coordinates":[[123.1964182,13.6302379],[123.1969103,13.6299025]]}},{"type":"Feature","properties":{"osm_id":23520481,"highway":"residential"},"geometry":{"type":"LineString","coordinates":[[123.1778174,13.6203351],[123.1776368,13.6204543]]}},{"type":"Feature","properties":{"osm_id":23520484,"highway":"secondary","name":"Ninoy and Cory Avenue","lit":"yes"},"geometry":{"type":"LineString","coordinates":[[123.1897811,13.6226451],[123.1897273,13.6224341],[123.1897173,13.6223991],[123.1896182,13.6221446],[123.1894197,13.6214667]]}},{"type":"Feature","properties":{"osm_id":23520499,"highway":"residential"},"geometry":{"type":"LineString","coordinates":[[123.1987727,13.6179838],[123.1984159,13.6173605]]}},{"type":"Feature","properties":{"osm_id":23520512,"highway":"tertiary","name":"J. Hernandez Avenue","surface":"asphalt","oneway":"yes","lit":"yes"},"geometry":{"type":"LineString","coordinates":[[123.1840491,13.6239563],[123.183821,13.6230749],[123.1837209,13.6226748]]}},{"type":"Feature","properties":{"osm_id":23520515,"highway":"residential","name":"Molave Street","surface":"paved"},"geometry":{"type":"LineString","coordinates":[[123.2008539,13.629772],[123.201229,13.6300129]]}},{"type":"Feature","properties":{"osm_id":23520535,"highway":"residential","name":"Corregidor Street","surface":"paved"},"geometry":{"type":"LineString","coordinates":[[123.1946392,13.6256742],[123.1919369,13.6261513],[123.1918256,13.6261997],[123.1916379,13.6262949],[123.1912798,13.6265672],[123.1907786,13.6269463],[123.1907344,13.6269759],[123.1907088,13.6269945],[123.1906816,13.627017],[123.1906608,13.6270489],[123.1906642,13.6270912],[123.1907052,13.627149],[123.1909209,13.6274137]]}},{"type":"Feature","properties":{"osm_id":23520544,"highway":"residential"},"geometry":{"type":"LineString","coordinates":[[123.1773839,13.6207697],[123.1775838,13.6206505]]}},{"type":"Feature","properties":{"osm_id":23520556,"highway":"unclassified","surface":"concrete"},"geometry":{"type":"LineString","coordinates":[[123.1831431,13.619994],[123.1834863,13.6200884],[123.183649,13.6201284],[123.1838184,13.6201723],[123.1838585,13.6201829],[123.1839034,13.6201941]]}},{"type":"Feature","properties":{"osm_id":23520563,"highway":"residential","name":"Apo Drive","surface":"paved"},"geometry":{"type":"LineString","coordinates":[[123.1976255,13.625555],[123.1971248,13.6256088],[123.195284,13.6258487]]}},{"type":"Feature","properties":{"osm_id":23520565,"highway":"residential"},"geometry":{"type":"LineString","coordinates":[[123.1845893,13.6212678],[123.1847544,13.6204692]]}},{"type":"Feature","properties":{"osm_id":23520592,"highway":"tertiary","name":"Sen. Raul S. Roco Street","surface":"concrete","lanes":"2","oneway":"yes","lit":"yes"},"geometry":{"type":"LineString","coordinates":[[123.1907329,13.618347],[123.1907354,13.6181966],[123.1906654,13.6175432],[123.1906143,13.6170659],[123.1905665,13.6165832],[123.1905124,13.6160369],[123.1904987,13.6159196]]}},{"type":"Feature","properties":{"osm_id":23520599,"highway":"residential"},"geometry":{"type":"LineString","coordinates":[[123.1826535,13.6213165],[123.1827638,13.6209436],[123.1828932,13.6205335]]}},{"type":"Feature","properties":{"osm_id":23520603,"highway":"residential"},"geometry":{"type":"LineString","coordinates":[[123.1833213,13.6296216],[123.1831027,13.6296865]]}},{"type":"Feature","properties":{"osm_id":23520619,"highway":"residential","name":"Dons Street"},"geometry":{"type":"LineString","coordinates":[[123.191757,13.6256052],[123.1919369,13.6261513]]}},{"type":"Feature","properties":{"osm_id":23520628,"highway":"residential","name":"Kamagong Street","surface":"paved"},"geometry":{"type":"LineString","coordinates":[[123.1991124,13.6296103],[123.2000181,13.6303325],[123.2003582,13.6305934],[123.2007479,13.6308288]]}},{"type":"Feature","properties":{"osm_id":23520658,"highway":"residential","name":"Tindalo Street","surface":"paved"},"geometry":{"type":"LineString","coordinates":[[123.2031654,13.629514],[123.2030474,13.6299203],[123.2029799,13.6301528]]}},{"type":"Feature","properties":{"osm_id":23520673,"highway":"residential","name":"5th Street","surface":"paved"},"geometry":{"type":"LineString","coordinates":[[123.2008536,13.6165021],[123.2013605,13.6170199]]}},{"type":"Feature","properties":{"osm_id":23520692,"highway":"tertiary","name":"M. Castro Street","surface":"paved","lit":"yes"},"geometry":{"type":"LineString","coordinates":[[123.1897312,13.6258093],[123.1892485,13.6259756]]}},{"type":"Feature","properties":{"osm_id":23520714,"highway":"residential","name":"Tindalo Street","surface":"paved"},"geometry":{"type":"LineString","coordinates":[[123.2029799,13.6301528],[123.2028543,13.6305357]]}},{"type":"Feature","properties":{"osm_id":23520729,"highway":"residential","name":"3rd Street","surface":"paved"},"geometry":{"type":"LineString","coordinates":[[123.199324,13.616804],[123.1994746,13.6165201],[123.1996307,13.6162053]]}},{"type":"Feature","properties":{"osm_id":23520769,"highway":"residential","name":"Canda Street","surface":"paved"},"geometry":{"type":"LineString","coordinates":[[123.2039131,13.6157259],[123.2037305,13.6158806],[123.2035622,13.6160454],[123.2034083,13.6162064],[123.2032225,13.6163663],[123.2030642,13.6165161],[123.2029586,13.616594],[123.2028405,13.6166577],[123.2025438,13.6168204],[123.2022764,13.6169897],[123.2022638,13.6169975]]}},{"type":"Feature","properties":{"osm_id":23520771,"highway":"residential"},"geometry":{"type":"LineString","coordinates":[[123.1789018,13.6176143],[123.1789097,13.6172813],[123.1788549,13.6167877],[123.1787874,13.6166697],[123.1787526,13.6166189],[123.1786478,13.616546],[123.1779304,13.61634],[123.1777565,13.6163187]]}},{"type":"Feature","properties":{"osm_id":23520783,"highway":"secondary","name":"Caceres Street","surface":"asphalt","lanes":"2","oneway":"yes"},"geometry":{"type":"LineString","coordinates":[[123.1854116,13.6215216],[123.1849297,13.6213089],[123.1845893,13.6212678],[123.1842693,13.6212422],[123.1841194,13.6212343]]}},{"type":"Feature","properties":{"osm_id":23520787,"highway":"residential"},"geometry":{"type":"LineString","coordinates":[[123.1861488,13.6299509],[123.1860669,13.6297916],[123.185795,13.629187]]}},{"type":"Feature","properties":{"osm_id":23520814,"highway":"tertiary","name":"Sampaguita Street","surface":"paved","lit":"yes"},"geometry":{"type":"LineString","coordinates":[[123.1959078,13.6217772],[123.1959035,13.6215785],[123.1958763,13.6213753],[123.1958396,13.6212039]]}},{"type":"Feature","properties":{"osm_id":23520840,"highway":"trunk_link","surface":"paved","oneway":"yes"},"geometry":{"type":"LineString","coordinates":[[123.1838945,13.6165198],[123.1839562,13.6164476],[123.1839817,13.6163999],[123.183995,13.6163134],[123.183982,13.6162061]]}},{"type":"Feature","properties":{"osm_id":23520851,"highway":"residential","name":"Talisay Street","surface":"paved"},"geometry":{"type":"LineString","coordinates":[[123.1844796,13.6269074],[123.1843292,13.6267022],[123.1839328,13.6259835]]}},{"type":"Feature","properties":{"osm_id":23520861,"highway":"secondary","name":"General Luna Street","surface":"asphalt","lanes":"2"},"geometry":{"type":"LineString","coordinates":[[123.1840117,13.6206264],[123.1840516,13.6208863],[123.1841194,13.6212343]]}},{"type":"Feature","properties":{"osm_id":23520863,"highway":"tertiary","name":"Kayanga Road","surface":"concrete","oneway":"no","lit":"yes"},"geometry":{"type":"LineString","coordinates":[[123.1974354,13.6291591],[123.1972499,13.6291608]]}},{"type":"Feature","properties":{"osm_id":23520868,"highway":"residential"},"geometry":{"type":"LineString","coordinates":[[123.1865797,13.6297647],[123.1863883,13.6293655],[123.1862282,13.6290331]]}},{"type":"Feature","properties":{"osm_id":23520880,"highway":"secondary","name":"Blumentritt Street","surface":"paved"},"geometry":{"type":"LineString","coordinates":[[123.187526,13.6229391],[123.1877607,13.6234995],[123.1880826,13.6241199],[123.1887062,13.6251691],[123.1892485,13.6259756],[123.189624,13.6265152],[123.1897931,13.626796]]}},{"type":"Feature","properties":{"osm_id":23520886,"highway":"secondary","name":"Bagumbayan Street","surface":"paved","lanes":"2","lit":"yes"},"geometry":{"type":"LineString","coordinates":[[123.1877247,13.6282671],[123.1877515,13.6284524],[123.1878028,13.6292048],[123.187817,13.6294042],[123.187855,13.630554],[123.187872,13.630999],[123.187872,13.6312119],[123.1878564,13.6314887],[123.187797,13.6317455],[123.1877388,13.6319814],[123.1876926,13.6321666],[123.1876468,13.6323926],[123.1875788,13.6327328],[123.1874866,13.6332044],[123.18734,13.634032],[123.1873131,13.6341823],[123.1872792,13.6343685],[123.1872177,13.6345403],[123.1870741,13.6348673],[123.1870096,13.6349633],[123.1868503,13.6352427],[123.1865696,13.635673],[123.1863445,13.6359679],[123.1862954,13.6360324],[123.1860007,13.636453],[123.18596,13.6365084],[123.1858105,13.6367166],[123.1857164,13.636857],[123.1856671,13.6370105],[123.1856128,13.637201],[123.1855509,13.637456],[123.1854996,13.6376681],[123.1854816,13.6377667],[123.1854405,13.637972],[123.1854086,13.6381267],[123.1853993,13.6381736],[123.1853507,13.6384218],[123.1853021,13.6387354],[123.1852819,13.6388657],[123.1852706,13.6389382],[123.1851748,13.6396244],[123.1851432,13.6398512],[123.1850973,13.6400785]]}},{"type":"Feature","properties":{"osm_id":23520905,"highway":"residential","name":"Elias Angeles Street","surface":"concrete"},"geometry":{"type":"LineString","coordinates":[[123.1856371,13.6210267],[123.1854116,13.6215216]]}},{"type":"Feature","properties":{"osm_id":23520915,"highway":"service"},"geometry":{"type":"LineString","coordinates":[[123.1800433,13.6210886],[123.1800621,13.6206829],[123.1800972,13.620675]]}},{"type":"Feature","properties":{"osm_id":23520946,"highway":"residential"},"geometry":{"type":"LineString","coordinates":[[123.1761293,13.6227709],[123.176313,13.6225155],[123.1764646,13.6223356]]}},{"type":"Feature","properties":{"osm_id":23520967,"highway":"residential","name":"Azucena Street","surface":"paved"},"geometry":{"type":"LineString","coordinates":[[123.1958396,13.6212039],[123.1963698,13.6211266],[123.1968953,13.6210375],[123.1972324,13.6208615],[123.1977906,13.6207796],[123.198144,13.6207101]]}},{"type":"Feature","properties":{"osm_id":23520975,"highway":"residential","name":"Pedro Santos Street","surface":"concrete","lanes":"2","oneway":"yes"},"geometry":{"type":"LineString","coordinates":[[123.1855779,13.6301925],[123.1855218,13.6300971],[123.1854347,13.6298974],[123.18535,13.62973],[123.1852263,13.6294831],[123.1851619,13.6292934],[123.1851684,13.6291003],[123.1850417,13.6288586],[123.1850086,13.6288037],[123.1849334,13.6286787],[123.1848426,13.6285444],[123.1847125,13.6283951],[123.1846025,13.6281998],[123.1845129,13.6280637]]}},{"type":"Feature","properties":{"osm_id":23520986,"highway":"residential","name":"Puro Street","surface":"paved"},"geometry":{"type":"LineString","coordinates":[[123.1831919,13.6288061],[123.1832076,13.6289011],[123.1832368,13.6290712],[123.1832827,13.6293386],[123.1833213,13.6296216]]}},{"type":"Feature","properties":{"osm_id":23520994,"highway":"residential","name":"Fordham Street","surface":"paved"},"geometry":{"type":"LineString","coordinates":[[123.2002651,13.6261156],[123.2001077,13.626435],[123.1999171,13.6266683],[123.1996646,13.6269711],[123.1992579,13.6274685],[123.198871,13.627923],[123.1986076,13.6282564],[123.1984842,13.6284362],[123.1984021,13.6285729]]}},{"type":"Feature","properties":{"osm_id":23520999,"highway":"residential","name":"Ilang-ilang Street","surface":"paved"},"geometry":{"type":"LineString","coordinates":[[123.195226,13.6283865],[123.1948372,13.6267338],[123.194767,13.6263871],[123.1947035,13.6260323],[123.1946629,13.6257796],[123.1946392,13.6256742],[123.1945728,13.6253228]]}},{"type":"Feature","properties":{"osm_id":23521010,"highway":"unclassified"},"geometry":{"type":"LineString","coordinates":[[123.1778824,13.6234915],[123.1779788,13.6231286],[123.1779584,13.6230135],[123.1777735,13.6226569],[123.1775669,13.6223539],[123.1771911,13.6217114],[123.1770447,13.6215033],[123.1769865,13.6214724],[123.1769559,13.6214561],[123.1767663,13.6213555],[123.1765831,13.6212774],[123.1764263,13.6212209],[123.1763557,13.6211944],[123.1759696,13.6210572]]}},{"type":"Feature","properties":{"osm_id":23521013,"highway":"residential"},"geometry":{"type":"LineString","coordinates":[[123.1987575,13.6172214],[123.1991798,13.6170467],[123.199324,13.616804]]}},{"type":"Feature","properties":{"osm_id":23521015,"highway":"residential","name":"1st Street","surface":"paved"},"geometry":{"type":"LineString","coordinates":[[123.199324,13.616804],[123.1999862,13.6174153],[123.2008949,13.618369],[123.2009153,13.6183779],[123.200937,13.6183803]]}},{"type":"Feature","properties":{"osm_id":23521047,"highway":"residential"},"geometry":{"type":"LineString","coordinates":[[123.1841651,13.6206293],[123.1842693,13.6212422]]}},{"type":"Feature","properties":{"osm_id":23521049,"highway":"residential","name":"Dimasalang Street","surface":"concrete"},"geometry":{"type":"LineString","coordinates":[[123.1860636,13.6266545],[123.185376,13.627093],[123.1844474,13.6276647],[123.1837851,13.628047],[123.1832172,13.6283688],[123.1830647,13.6284381]]}},{"type":"Feature","properties":{"osm_id":23521063,"highway":"tertiary","name":"Barlin Street","surface":"concrete","oneway":"yes","lit":"yes"},"geometry":{"type":"LineString","coordinates":[[123.1853776,13.6257528],[123.1853144,13.6256881],[123.1852415,13.6256068],[123.1851285,13.6254855],[123.184932,13.6252225],[123.1847822,13.6250312]]}},{"type":"Feature","properties":{"osm_id":23521086,"highway":"residential","name":"Azucena Street","surface":"paved"},"geometry":{"type":"LineString","coordinates":[[123.1968953,13.6210375],[123.1970841,13.6212389],[123.1972534,13.6212137],[123.1982592,13.6210475]]}},{"type":"Feature","properties":{"osm_id":23521097,"highway":"residential"},"geometry":{"type":"LineString","coordinates":[[123.2013598,13.6158506],[123.2015834,13.6161003]]}},{"type":"Feature","properties":{"osm_id":23521101,"highway":"residential","name":"Bagong Lipunan Street","surface":"paved"},"geometry":{"type":"LineString","coordinates":[[123.1832564,13.6262175],[123.1832855,13.6268356],[123.1834075,13.6271789],[123.1835306,13.6274943],[123.1837851,13.628047]]}},{"type":"Feature","properties":{"osm_id":23521107,"highway":"tertiary","name":"Evangelical Street"},"geometry":{"type":"LineString","coordinates":[[123.1983319,13.6214344],[123.1983284,13.6212437],[123.1982977,13.6210921],[123.1982592,13.6210475]]}},{"type":"Feature","properties":{"osm_id":23521111,"highway":"residential"},"geometry":{"type":"LineString","coordinates":[[123.1803353,13.6220346],[123.1812967,13.6217078],[123.1826535,13.6213165]]}},{"type":"Feature","properties":{"osm_id":23521120,"highway":"tertiary","name":"Kayanga Road","surface":"concrete","lit":"yes"},"geometry":{"type":"LineString","coordinates":[[123.1987017,13.6291434],[123.1977902,13.6291642]]}},{"type":"Feature","properties":{"osm_id":23521134,"highway":"residential","name":"Narra Street","surface":"paved"},"geometry":{"type":"LineString","coordinates":[[123.184096,13.6271668],[123.183925,13.62691],[123.1837846,13.6266923],[123.1835366,13.6263143],[123.183459,13.6261902]]}},{"type":"Feature","properties":{"osm_id":23521147,"highway":"residential"},"geometry":{"type":"LineString","coordinates":[[123.1987575,13.6172214],[123.1984386,13.6164755],[123.1982341,13.6158643]]}},{"type":"Feature","properties":{"osm_id":23521164,"highway":"residential"},"geometry":{"type":"LineString","coordinates":[[123.1979068,13.6159464],[123.1982341,13.6158643]]}},{"type":"Feature","properties":{"osm_id":23521177,"highway":"residential"},"geometry":{"type":"LineString","coordinates":[[123.2013598,13.6158506],[123.2008579,13.6163217],[123.2008536,13.6165021]]}},{"type":"Feature","properties":{"osm_id":23521181,"highway":"residential"},"geometry":{"type":"LineString","coordinates":[[123.1896318,13.6238578],[123.190075,13.6238212]]}},{"type":"Feature","properties":{"osm_id":23521185,"highway":"residential","name":"Scout Juvi Fuentebella Street","surface":"paved"},"geometry":{"type":"LineString","coordinates":[[123.1995648,13.6241787],[123.2001119,13.6239752],[123.2005585,13.6237954]]}},{"type":"Feature","properties":{"osm_id":23521190,"highway":"residential"},"geometry":{"type":"LineString","coordinates":[[123.2023834,13.6158079],[123.2027073,13.6161562],[123.2030642,13.6165161]]}},{"type":"Feature","properties":{"osm_id":23521196,"highway":"residential"},"geometry":{"type":"LineString","coordinates":[[123.2021848,13.6159833],[123.2023834,13.6158079]]}},{"type":"Feature","properties":{"osm_id":23521210,"highway":"residential"},"geometry":{"type":"LineString","coordinates":[[123.201963,13.6157477],[123.2017341,13.6159677]]}},{"type":"Feature","properties":{"osm_id":23521215,"highway":"residential","name":"9th Street","surface":"paved"},"geometry":{"type":"LineString","coordinates":[[123.201963,13.6157477],[123.2021848,13.6159833],[123.2028405,13.6166577]]}},{"type":"Feature","properties":{"osm_id":23521217,"highway":"residential"},"geometry":{"type":"LineString","coordinates":[[123.2010178,13.6196438],[123.2014042,13.6201047]]}},{"type":"Feature","properties":{"osm_id":23521221,"highway":"residential"},"geometry":{"type":"LineString","coordinates":[[123.1979068,13.6159464],[123.1978876,13.6157071]]}},{"type":"Feature","properties":{"osm_id":23521245,"highway":"residential"},"geometry":{"type":"LineString","coordinates":[[123.2023834,13.6158079],[123.2025604,13.6156539]]}},{"type":"Feature","properties":{"osm_id":23521252,"highway":"residential"},"geometry":{"type":"LineString","coordinates":[[123.2025604,13.6156539],[123.2032225,13.6163663]]}},{"type":"Feature","properties":{"osm_id":23521287,"highway":"residential","name":"Reno Street","surface":"paved"},"geometry":{"type":"LineString","coordinates":[[123.202041,13.6217503],[123.202029,13.622516],[123.2020183,13.6238455],[123.2020504,13.6246912]]}},{"type":"Feature","properties":{"osm_id":23521317,"highway":"residential","name":"San Leandro Street","surface":"paved"},"geometry":{"type":"LineString","coordinates":[[123.2015663,13.6239784],[123.201562,13.6266542]]}},{"type":"Feature","properties":{"osm_id":23521322,"highway":"residential","name":"Felix Espiritu Street","surface":"asphalt","lanes":"2"},"geometry":{"type":"LineString","coordinates":[[123.1847011,13.6195096],[123.1838772,13.6196689]]}},{"type":"Feature","properties":{"osm_id":23521329,"highway":"residential"},"geometry":{"type":"LineString","coordinates":[[123.2017341,13.6159677],[123.2015834,13.6161003],[123.2014802,13.6161826]]}},{"type":"Feature","properties":{"osm_id":23521332,"highway":"residential","name":"Jasmin Street","surface":"paved"},"geometry":{"type":"LineString","coordinates":[[123.1944653,13.6234655],[123.1945215,13.6240079],[123.1945845,13.6244641],[123.1946381,13.6248697],[123.1947125,13.6253024]]}},{"type":"Feature","properties":{"osm_id":23521334,"highway":"residential"},"geometry":{"type":"LineString","coordinates":[[123.1816004,13.6199335],[123.1815456,13.619814],[123.1814216,13.6196497]]}},{"type":"Feature","properties":{"osm_id":23521354,"highway":"residential","name":"8th Street","surface":"paved"},"geometry":{"type":"LineString","coordinates":[[123.2017341,13.6159677],[123.2025438,13.6168204]]}},{"type":"Feature","properties":{"osm_id":23521356,"highway":"residential","name":"San Sebastian Street","surface":"paved"},"geometry":{"type":"LineString","coordinates":[[123.1923747,13.6242953],[123.1935598,13.6241422],[123.1945215,13.6240079]]}},{"type":"Feature","properties":{"osm_id":23521359,"highway":"residential"},"geometry":{"type":"LineString","coordinates":[[123.1984159,13.6173605],[123.197933,13.6160895],[123.1979068,13.6159464]]}},{"type":"Feature","properties":{"osm_id":23521401,"highway":"secondary","name":"Peñafrancia Avenue","surface":"asphalt","lanes":"2"},"geometry":{"type":"LineString","coordinates":[[123.1884649,13.6275283],[123.1887402,13.6278769],[123.1888725,13.6280326],[123.1891232,13.6283066],[123.1896341,13.628777],[123.189918,13.6290371],[123.1900364,13.6291339],[123.1901787,13.6292465],[123.190217,13.6292826],[123.1904842,13.6295253],[123.1906323,13.6296598],[123.1908044,13.6298165],[123.1908458,13.6298533],[123.1912873,13.6302786],[123.1913099,13.6302953],[123.1913947,13.6303709],[123.1915681,13.6305328],[123.191813,13.6307565],[123.1921618,13.6310728],[123.192469,13.6313428],[123.1925981,13.631462],[123.1927557,13.6316057],[123.1931521,13.631964],[123.1931912,13.6319991],[123.1933387,13.632135],[123.1937461,13.6325095],[123.1939901,13.6327285],[123.1942186,13.6329361],[123.1944908,13.6331884],[123.1946808,13.6333485]]}},{"type":"Feature","properties":{"osm_id":23521413,"highway":"residential","name":"Canda Street","surface":"paved"},"geometry":{"type":"LineString","coordinates":[[123.2001003,13.6194224],[123.2003958,13.6192503]]}},{"type":"Feature","properties":{"osm_id":23521419,"highway":"residential","name":"Biak na Bato Street","surface":"paved"},"geometry":{"type":"LineString","coordinates":[[123.1829493,13.6160713],[123.183101,13.6165906],[123.183171,13.6169579]]}},{"type":"Feature","properties":{"osm_id":23521458,"highway":"residential","name":"Obrero Street","surface":"paved"},"geometry":{"type":"LineString","coordinates":[[123.1829493,13.6160713],[123.1828276,13.6160837],[123.182031,13.6165264],[123.1813832,13.6169197]]}},{"type":"Feature","properties":{"osm_id":23521468,"highway":"residential","name":"Gomez Street","surface":"paved"},"geometry":{"type":"LineString","coordinates":[[123.1821753,13.6192888],[123.1814216,13.6196497]]}},{"type":"Feature","properties":{"osm_id":23521472,"highway":"tertiary","name":"Zamora Street","surface":"concrete","lanes":"2","lit":"yes"},"geometry":{"type":"LineString","coordinates":[[123.1813088,13.6180762],[123.1821753,13.6192888],[123.1827695,13.620326],[123.1828932,13.6205335],[123.1829432,13.6205384],[123.1831172,13.6205706],[123.1832007,13.6205862]]}},{"type":"Feature","properties":{"osm_id":23521491,"highway":"residential"},"geometry":{"type":"LineString","coordinates":[[123.2014802,13.6161826],[123.2012315,13.6163984]]}},{"type":"Feature","properties":{"osm_id":23521495,"highway":"residential","name":"7th Street","surface":"paved"},"geometry":{"type":"LineString","coordinates":[[123.2014802,13.6161826],[123.2022764,13.6169897]]}},{"type":"Feature","properties":{"osm_id":23521500,"highway":"residential"},"geometry":{"type":"LineString","coordinates":[[123.2009201,13.6195326],[123.2010178,13.6196438]]}},{"type":"Feature","properties":{"osm_id":23521521,"highway":"residential"},"geometry":{"type":"LineString","coordinates":[[123.2009201,13.6195326],[123.2007588,13.6196616],[123.2004915,13.619891]]}},{"type":"Feature","properties":{"osm_id":23521532,"highway":"residential","name":"6th Street","surface":"paved"},"geometry":{"type":"LineString","coordinates":[[123.2012315,13.6163984],[123.2016664,13.6168439]]}},{"type":"Feature","properties":{"osm_id":23521546,"highway":"unclassified","name":"PNR Road","surface":"asphalt","lanes":"2"},"geometry":{"type":"LineString","coordinates":[[123.1859605,13.6206386],[123.1860247,13.6204233],[123.1861135,13.6201644],[123.1856059,13.6195277],[123.1855376,13.6194203],[123.185458,13.6194037],[123.1850423,13.619439],[123.1847011,13.6195096]]}},{"type":"Feature","properties":{"osm_id":23521551,"highway":"service"},"geometry":{"type":"LineString","coordinates":[[123.183221,13.624239],[123.182635,13.624477],[123.1822555,13.6246204],[123.1819712,13.6247677],[123.1818813,13.6248524],[123.1817539,13.6249958],[123.181648,13.6251118],[123.1815729,13.6252499],[123.1817003,13.6252877],[123.1818545,13.625336],[123.1824481,13.6255364],[123.1828617,13.6256761],[123.1829166,13.6256853],[123.182977,13.6256853],[123.183032,13.6256579],[123.1832787,13.6254298],[123.1833136,13.6253672],[123.1833954,13.6250479],[123.1834236,13.625001],[123.1835837,13.6249069]]}},{"type":"Feature","properties":{"osm_id":23521560,"highway":"residential"},"geometry":{"type":"LineString","coordinates":[[123.1771144,13.6193494],[123.1772263,13.6193312]]}},{"type":"Feature","properties":{"osm_id":23521583,"highway":"residential"},"geometry":{"type":"LineString","coordinates":[[123.2014463,13.6187654],[123.2015841,13.6186545]]}},{"type":"Feature","properties":{"osm_id":23521594,"highway":"service"},"geometry":{"type":"LineString","coordinates":[[123.1835837,13.6249069],[123.1833359,13.6243413],[123.183284,13.6242564],[123.18325,13.62424],[123.183221,13.624239]]}},{"type":"Feature","properties":{"osm_id":23521598,"highway":"residential","name":"Balimbing Street","surface":"unpaved"},"geometry":{"type":"LineString","coordinates":[[123.2013751,13.6282969],[123.201795,13.6285051]]}},{"type":"Feature","properties":{"osm_id":23521611,"highway":"residential"},"geometry":{"type":"LineString","coordinates":[[123.1975447,13.6200721],[123.197482,13.619893]]}},{"type":"Feature","properties":{"osm_id":23521623,"highway":"unclassified","surface":"concrete"},"geometry":{"type":"LineString","coordinates":[[123.1831172,13.6205706],[123.1831431,13.619994]]}},{"type":"Feature","properties":{"osm_id":23521641,"highway":"residential"},"geometry":{"type":"LineString","coordinates":[[123.20271,13.6155195],[123.2028991,13.6153597]]}},{"type":"Feature","properties":{"osm_id":23521645,"highway":"residential"},"geometry":{"type":"LineString","coordinates":[[123.2028991,13.6153597],[123.2030748,13.6152036],[123.2031319,13.6151509]]}},{"type":"Feature","properties":{"osm_id":23521658,"highway":"residential"},"geometry":{"type":"LineString","coordinates":[[123.2025134,13.6152644],[123.201963,13.6157477]]}},{"type":"Feature","properties":{"osm_id":23521675,"highway":"residential"},"geometry":{"type":"LineString","coordinates":[[123.2006895,13.6151562],[123.2008723,13.6153565]]}},{"type":"Feature","properties":{"osm_id":23521677,"highway":"residential"},"geometry":{"type":"LineString","coordinates":[[123.2023033,13.6149893],[123.2013598,13.6158506]]}},{"type":"Feature","properties":{"osm_id":23521683,"highway":"residential","name":"San Juan Street","surface":"paved"},"geometry":{"type":"LineString","coordinates":[[123.1945845,13.6244641],[123.193614,13.6245891],[123.1924541,13.6247469]]}},{"type":"Feature","properties":{"osm_id":23521708,"highway":"residential"},"geometry":{"type":"LineString","coordinates":[[123.1977906,13.6207796],[123.1975447,13.6200721]]}},{"type":"Feature","properties":{"osm_id":23521725,"highway":"residential"},"geometry":{"type":"LineString","coordinates":[[123.1978876,13.6157071],[123.1978274,13.6147404],[123.1978257,13.6146429],[123.1981395,13.6146481],[123.198153,13.614802]]}},{"type":"Feature","properties":{"osm_id":23521728,"highway":"service"},"geometry":{"type":"LineString","coordinates":[[123.1816838,13.6202503],[123.1818332,13.6206385],[123.1819895,13.621043],[123.1817059,13.6211497],[123.1813749,13.6203864]]}},{"type":"Feature","properties":{"osm_id":23521730,"highway":"residential","surface":"paved"},"geometry":{"type":"LineString","coordinates":[[123.1832827,13.6293386],[123.182622,13.629477]]}},{"type":"Feature","properties":{"osm_id":23521732,"highway":"residential"},"geometry":{"type":"LineString","coordinates":[[123.1995816,13.6155493],[123.1995078,13.6155636]]}},{"type":"Feature","properties":{"osm_id":23521737,"highway":"residential","name":"Molave Street","surface":"paved"},"geometry":{"type":"LineString","coordinates":[[123.201229,13.6300129],[123.2028543,13.6305357],[123.2033092,13.6306366],[123.2036313,13.6306997]]}},{"type":"Feature","properties":{"osm_id":23521760,"highway":"residential","surface":"paved"},"geometry":{"type":"LineString","coordinates":[[123.1835126,13.6316842],[123.1834808,13.6316047],[123.183452,13.6314834],[123.1834592,13.6313446],[123.1834328,13.6312186],[123.1833676,13.6310812],[123.183182,13.630708],[123.1831067,13.6305841],[123.1830535,13.6304698],[123.1830356,13.6304314],[123.183059,13.6302659],[123.1830653,13.6301071],[123.1830605,13.6300138],[123.1830546,13.6299422],[123.1830365,13.6297242],[123.1831027,13.6296865]]}},{"type":"Feature","properties":{"osm_id":23521793,"highway":"residential","name":"Fordham Street","surface":"paved"},"geometry":{"type":"LineString","coordinates":[[123.2003272,13.6244714],[123.200329,13.625402],[123.2002969,13.6258939],[123.2002651,13.6261156]]}},{"type":"Feature","properties":{"osm_id":23521797,"highway":"residential"},"geometry":{"type":"LineString","coordinates":[[123.1993288,13.6156939],[123.1991997,13.6157932],[123.199026,13.6159613],[123.1988389,13.6161256]]}},{"type":"Feature","properties":{"osm_id":23521808,"highway":"residential"},"geometry":{"type":"LineString","coordinates":[[123.2008723,13.6153565],[123.2011317,13.6156088]]}},{"type":"Feature","properties":{"osm_id":23521823,"highway":"tertiary","name":"Jacob Street","surface":"paved","lit":"yes"},"geometry":{"type":"LineString","coordinates":[[123.1877247,13.6282671],[123.1880829,13.6289258],[123.1882406,13.6292811],[123.188722,13.6305],[123.1890922,13.6313788],[123.1892625,13.631758],[123.1895237,13.6323613],[123.1897129,13.6328363],[123.1898119,13.6331077],[123.1899698,13.6334838],[123.1902115,13.6340749]]}},{"type":"Feature","properties":{"osm_id":23521828,"highway":"residential"},"geometry":{"type":"LineString","coordinates":[[123.2028991,13.6153597],[123.2035622,13.6160454]]}},{"type":"Feature","properties":{"osm_id":23521849,"highway":"service"},"geometry":{"type":"LineString","coordinates":[[123.1842339,13.6246709],[123.1835837,13.6249069]]}},{"type":"Feature","properties":{"osm_id":23521863,"highway":"residential"},"geometry":{"type":"LineString","coordinates":[[123.2013388,13.614528],[123.2006895,13.6151562],[123.2003567,13.6154386],[123.1999037,13.6158656]]}},{"type":"Feature","properties":{"osm_id":23521865,"highway":"residential"},"geometry":{"type":"LineString","coordinates":[[123.2003567,13.6154386],[123.2000385,13.6154888],[123.1995816,13.6155493]]}},{"type":"Feature","properties":{"osm_id":23521869,"highway":"residential"},"geometry":{"type":"LineString","coordinates":[[123.2025604,13.6156539],[123.20271,13.6155195]]}},{"type":"Feature","properties":{"osm_id":23521881,"highway":"residential","name":"Naga Central Road","surface":"paved","oneway":"yes"},"geometry":{"type":"LineString","coordinates":[[123.1892625,13.631758],[123.190043,13.6314473],[123.1903347,13.6312341],[123.1907771,13.6308148],[123.1912873,13.6302786]]}},{"type":"Feature","properties":{"osm_id":23521890,"highway":"residential","name":"Santiago Ⅱ Street","surface":"paved"},"geometry":{"type":"LineString","coordinates":[[123.1919417,13.6301464],[123.1918667,13.63021],[123.1918282,13.630294],[123.1917586,13.630363],[123.1915681,13.6305328]]}},{"type":"Feature","properties":{"osm_id":23521904,"highway":"residential","name":"Jimenez Street"},"geometry":{"type":"LineString","coordinates":[[123.2041733,13.6247192],[123.2040061,13.6247217],[123.2039354,13.6247206],[123.2036311,13.6247159],[123.2034973,13.6247138],[123.2029936,13.6247059],[123.2025043,13.6246983],[123.2020504,13.6246912]]}},{"type":"Feature","properties":{"osm_id":23521917,"highway":"secondary","name":"Peñafrancia Avenue","surface":"asphalt","lanes":"2"},"geometry":{"type":"LineString","coordinates":[[123.1869204,13.6253015],[123.1872045,13.6256387],[123.1873414,13.6258137],[123.1875011,13.6260338],[123.1876069,13.6261873],[123.1876849,13.6263169],[123.1877814,13.6264756],[123.1878174,13.6265336],[123.1881309,13.6270186],[123.1884649,13.6275283]]}},{"type":"Feature","properties":{"osm_id":23521920,"highway":"residential","name":"Dahlia Street","surface":"paved"},"geometry":{"type":"LineString","coordinates":[[123.1962758,13.6196527],[123.1963877,13.6198838],[123.1968953,13.6210375]]}},{"type":"Feature","properties":{"osm_id":23521953,"highway":"residential"},"geometry":{"type":"LineString","coordinates":[[123.2009201,13.6195326],[123.2008177,13.619403],[123.2009553,13.6192974],[123.2010723,13.6192257],[123.2011897,13.6193541],[123.2012614,13.6194347]]}},{"type":"Feature","properties":{"osm_id":23521975,"highway":"residential"},"geometry":{"type":"LineString","coordinates":[[123.2016344,13.6199871],[123.2013761,13.6196095],[123.2013026,13.6195117],[123.2012614,13.6194347]]}},{"type":"Feature","properties":{"osm_id":23521979,"highway":"residential","name":"General Santos Street","surface":"paved"},"geometry":{"type":"LineString","coordinates":[[123.2025043,13.6246983],[123.202484,13.6270182]]}},{"type":"Feature","properties":{"osm_id":23521983,"highway":"residential"},"geometry":{"type":"LineString","coordinates":[[123.1781146,13.6200992],[123.1778174,13.6203351]]}},{"type":"Feature","properties":{"osm_id":23521995,"highway":"residential","name":"Bacolod Street","surface":"concrete","lanes":"2"},"geometry":{"type":"LineString","coordinates":[[123.2020504,13.6246912],[123.2020157,13.626829]]}},{"type":"Feature","properties":{"osm_id":23522020,"highway":"residential","name":"Ilang-ilang Street","surface":"paved"},"geometry":{"type":"LineString","coordinates":[[123.1963698,13.6211266],[123.1958316,13.6198357]]}},{"type":"Feature","properties":{"osm_id":23522041,"highway":"residential","name":"Lucena Street","surface":"paved"},"geometry":{"type":"LineString","coordinates":[[123.2029936,13.6247059],[123.2029742,13.627169]]}},{"type":"Feature","properties":{"osm_id":23522052,"highway":"residential","name":"Kayangga Street","surface":"paved"},"geometry":{"type":"LineString","coordinates":[[123.1994308,13.6292248],[123.200321,13.6299135],[123.2006919,13.6302033],[123.2010207,13.6304121],[123.2024871,13.6309147]]}},{"type":"Feature","properties":{"osm_id":23522084,"highway":"residential"},"geometry":{"type":"LineString","coordinates":[[123.2011317,13.6156088],[123.2013598,13.6158506]]}},{"type":"Feature","properties":{"osm_id":23522090,"highway":"residential"},"geometry":{"type":"LineString","coordinates":[[123.2021246,13.6147039],[123.2011317,13.6156088],[123.2003874,13.6162832],[123.2003483,13.61632]]}},{"type":"Feature","properties":{"osm_id":23522098,"highway":"tertiary","name":"Mayon Avenue","surface":"concrete","lanes":"2"},"geometry":{"type":"LineString","coordinates":[[123.1947076,13.6219479],[123.1948266,13.6225311],[123.1948817,13.6229765],[123.1949427,13.6233837],[123.1951572,13.6248105],[123.1952073,13.6252639]]}},{"type":"Feature","properties":{"osm_id":23522103,"highway":"residential","name":"San Quintin Street","surface":"paved"},"geometry":{"type":"LineString","coordinates":[[123.1951572,13.6248105],[123.1946381,13.6248697]]}},{"type":"Feature","properties":{"osm_id":23522115,"highway":"residential"},"geometry":{"type":"LineString","coordinates":[[123.1772004,13.6194811],[123.1773037,13.619615],[123.177694,13.6201622],[123.1778174,13.6203351]]}},{"type":"Feature","properties":{"osm_id":23522126,"highway":"residential","name":"San Quintin Street","surface":"paved"},"geometry":{"type":"LineString","coordinates":[[123.1946381,13.6248697],[123.1925452,13.6251379]]}},{"type":"Feature","properties":{"osm_id":23540251,"highway":"secondary","name":"Santonja Street","surface":"paved","bridge":"yes"},"geometry":{"type":"LineString","coordinates":[[123.1890887,13.6271814],[123.1886085,13.6274516]]}},{"type":"Feature","properties":{"osm_id":23540252,"highway":"secondary","name":"Santonja Street","surface":"paved"},"geometry":{"type":"LineString","coordinates":[[123.1886085,13.6274516],[123.1884649,13.6275283]]}},{"type":"Feature","properties":{"osm_id":23540253,"highway":"secondary","name":"Panganiban Drive","surface":"asphalt","lanes":"2","bridge":"yes","lit":"yes"},"geometry":{"type":"LineString","coordinates":[[123.1867113,13.6230567],[123.1869246,13.623032]]}},{"type":"Feature","properties":{"osm_id":23540254,"highway":"secondary","name":"Panganiban Drive","surface":"asphalt","lanes":"2","lit":"yes"},"geometry":{"type":"LineString","coordinates":[[123.1870831,13.6230137],[123.1871331,13.6230074]]}},{"type":"Feature","properties":{"osm_id":23540257,"highway":"tertiary","bridge":"yes","lit":"yes"},"geometry":{"type":"LineString","coordinates":[[123.1816563,13.6178377],[123.181357,13.6180363]]}},{"type":"Feature","properties":{"osm_id":23540258,"highway":"tertiary","lit":"yes"},"geometry":{"type":"LineString","coordinates":[[123.181357,13.6180363],[123.1813088,13.6180762]]}},{"type":"Feature","properties":{"osm_id":23566039,"highway":"tertiary","name":"Waling-waling Street","lit":"yes"},"geometry":{"type":"LineString","coordinates":[[123.1940187,13.6193384],[123.1943953,13.6191879]]}},{"type":"Feature","properties":{"osm_id":23665887,"highway":"service","name":"SM City Naga Road"},"geometry":{"type":"LineString","coordinates":[[123.1913984,13.6218797],[123.1914355,13.6221943],[123.191438,13.6222418],[123.1914532,13.6223958]]}},{"type":"Feature","properties":{"osm_id":25055326,"highway":"tertiary","name":"Mart Street","surface":"concrete","lit":"yes"},"geometry":{"type":"LineString","coordinates":[[123.1956032,13.6280354],[123.19588,13.6282984],[123.1965779,13.6288256]]}},{"type":"Feature","properties":{"osm_id":30518284,"highway":"trunk","name":"Mabolo Road","ref":"1","surface":"paved","bridge":"yes","lit":"yes"},"geometry":{"type":"LineString","coordinates":[[123.1830116,13.6148833],[123.1836362,13.6156874]]}},{"type":"Feature","properties":{"osm_id":30518287,"highway":"trunk","name":"Mabolo Road","ref":"1","surface":"paved","lit":"yes"},"geometry":{"type":"LineString","coordinates":[[123.1836362,13.6156874],[123.1838225,13.6159351]]}},{"type":"Feature","properties":{"osm_id":30518288,"highway":"secondary","name":"General Luna Street","surface":"asphalt","lanes":"2","bridge":"yes"},"geometry":{"type":"LineString","coordinates":[[123.1839185,13.6199417],[123.1839717,13.6203103]]}},{"type":"Feature","properties":{"osm_id":30518290,"highway":"secondary","name":"General Luna Street","surface":"asphalt","lanes":"2"},"geometry":{"type":"LineString","coordinates":[[123.1839717,13.6203103],[123.1840117,13.6206264]]}},{"type":"Feature","properties":{"osm_id":39097859,"highway":"tertiary","surface":"concrete","lanes":"2"},"geometry":{"type":"LineString","coordinates":[[123.1705789,13.619608],[123.1697622,13.6196136],[123.1688928,13.6196623],[123.1688446,13.619665],[123.1677086,13.6197692],[123.1664237,13.6197406],[123.1656996,13.6197681],[123.1655507,13.6197797],[123.1653643,13.6198188],[123.164987,13.6199496],[123.1645309,13.6200876],[123.1642141,13.6201904],[123.1636114,13.620361],[123.1628269,13.6205584],[123.1628729,13.6206775],[123.1633363,13.6212971],[123.1634317,13.6213913]]}},{"type":"Feature","properties":{"osm_id":39097860,"highway":"tertiary","name":"Plantado Road","lit":"yes"},"geometry":{"type":"LineString","coordinates":[[123.1690579,13.6234663],[123.1691519,13.6234223],[123.1692697,13.6232946],[123.1693903,13.622993],[123.1697971,13.6219988],[123.1700229,13.6214456],[123.1702291,13.6209406],[123.1705669,13.6199319],[123.1706321,13.6197049],[123.1706388,13.6196707]]}},{"type":"Feature","properties":{"osm_id":40117911,"highway":"trunk","name":"Mabolo Road","ref":"1","lit":"yes"},"geometry":{"type":"LineString","coordinates":[[123.1809041,13.6085254],[123.180999,13.6088411],[123.1811283,13.6092882],[123.181295,13.6098779],[123.1813469,13.6100657],[123.1813997,13.6102594],[123.1814146,13.6103103],[123.181502,13.6105965],[123.1816365,13.6110437],[123.1817403,13.6114211],[123.1818336,13.6117439],[123.18197,13.6122453],[123.1819882,13.6123104],[123.1824272,13.6138795],[123.1824714,13.6140509],[123.1824985,13.6141426],[123.1825425,13.6142392],[123.1825966,13.6143345],[123.182698,13.614476],[123.1828634,13.6146928],[123.1830116,13.6148833]]}},{"type":"Feature","properties":{"osm_id":55439607,"highway":"tertiary","lit":"yes"},"geometry":{"type":"LineString","coordinates":[[123.1790573,13.6279376],[123.1791669,13.6282645],[123.1792686,13.628532],[123.1793198,13.6286673],[123.1794354,13.6289863],[123.1794941,13.6291622],[123.1796692,13.6297259],[123.1796905,13.6298058],[123.1797921,13.6301018],[123.1799737,13.6306311],[123.1800062,13.6307134],[123.1800673,13.6308398],[123.1802694,13.6314456],[123.1803096,13.6315706],[123.1803839,13.6317804],[123.1804394,13.6319348],[123.1804591,13.631993],[123.1803281,13.6322047],[123.1801835,13.6324073],[123.180099,13.6325585],[123.1799669,13.6327853]]}},{"type":"Feature","properties":{"osm_id":55441232,"highway":"secondary","surface":"concrete","lanes":"2"},"geometry":{"type":"LineString","coordinates":[[123.1794512,13.6157339],[123.1796034,13.6153027],[123.1796993,13.6148162],[123.1796884,13.6145605]]}},{"type":"Feature","properties":{"osm_id":55441233,"highway":"secondary","surface":"concrete","lanes":"2","bridge":"yes"},"geometry":{"type":"LineString","coordinates":[[123.1790808,13.616808],[123.1794512,13.6157339]]}},{"type":"Feature","properties":{"osm_id":55441548,"highway":"secondary","name":"Rizal Street","surface":"paved"},"geometry":{"type":"LineString","coordinates":[[123.1790808,13.616808],[123.1789992,13.6170804],[123.1789563,13.617323],[123.1789712,13.6176881],[123.1789765,13.6177428]]}},{"type":"Feature","properties":{"osm_id":118670827,"highway":"residential","name":"City Hall Loop","access":"destination"},"geometry":{"type":"LineString","coordinates":[[123.1991482,13.625952],[123.1990047,13.6257736],[123.1988556,13.6256615],[123.1987732,13.6256318],[123.1986541,13.6256411],[123.198532,13.6257829],[123.1981144,13.626297]]}},{"type":"Feature","properties":{"osm_id":131644831,"highway":"service","name":"SM City Naga Road","oneway":"yes"},"geometry":{"type":"LineString","coordinates":[[123.189448,13.6204664],[123.1896272,13.6204221],[123.1902475,13.6202589],[123.1911051,13.6200333]]}},{"type":"Feature","properties":{"osm_id":168706217,"highway":"service","name":"Ateneo Avenue","surface":"concrete","lanes":"2"},"geometry":{"type":"LineString","coordinates":[[123.1855779,13.6301925],[123.1854948,13.6302199],[123.1853163,13.6302957],[123.1851328,13.6303805]]}},{"type":"Feature","properties":{"osm_id":173905410,"highway":"residential","name":"Prieto Perfecto Street"},"geometry":{"type":"LineString","coordinates":[[123.1842838,13.6248855],[123.1837423,13.6250697],[123.1836934,13.6253202],[123.1836664,13.6255381],[123.183823,13.6260471]]}},{"type":"Feature","properties":{"osm_id":179078034,"highway":"service"},"geometry":{"type":"LineString","coordinates":[[123.1960689,13.6153094],[123.1960153,13.6153613],[123.1960021,13.6154164],[123.1960185,13.6155452],[123.1960523,13.6156739],[123.1966978,13.6169357],[123.1970009,13.6174796],[123.1969769,13.6175809]]}},{"type":"Feature","properties":{"osm_id":181255488,"highway":"tertiary","name":"Paz Street","surface":"concrete","lanes":"2","oneway":"yes","lit":"yes"},"geometry":{"type":"LineString","coordinates":[[123.1870105,13.6269936],[123.1878174,13.6265336]]}},{"type":"Feature","properties":{"osm_id":181255489,"highway":"tertiary","name":"Crescenciana Anciano Street","lanes":"2","lit":"yes"},"geometry":{"type":"LineString","coordinates":[[123.1923613,13.6197432],[123.1922438,13.6197405],[123.191215,13.6198584],[123.1910791,13.6198865],[123.1895925,13.6203059],[123.1892602,13.620408],[123.1891536,13.6204404]]}},{"type":"Feature","properties":{"osm_id":193054992,"highway":"residential"},"geometry":{"type":"LineString","coordinates":[[123.1939656,13.6212456],[123.1948279,13.6211238]]}},{"type":"Feature","properties":{"osm_id":193054993,"highway":"residential"},"geometry":{"type":"LineString","coordinates":[[123.194959,13.621366],[123.1949168,13.621435],[123.1940169,13.6215517]]}},{"type":"Feature","properties":{"osm_id":202497008,"highway":"tertiary","name":"Fraternidad Street","surface":"paved","lit":"yes"},"geometry":{"type":"LineString","coordinates":[[123.183171,13.6169579],[123.182871,13.6171123],[123.1825617,13.6172798],[123.1822922,13.6174172],[123.1819431,13.6176433]]}},{"type":"Feature","properties":{"osm_id":202497018,"highway":"unclassified"},"geometry":{"type":"LineString","coordinates":[[123.1864839,13.6206423],[123.1862678,13.6203809],[123.1861135,13.6201644]]}},{"type":"Feature","properties":{"osm_id":202497022,"highway":"residential"},"geometry":{"type":"LineString","coordinates":[[123.1877178,13.6187527],[123.1886973,13.618025],[123.1889811,13.6178206],[123.1897378,13.6172647]]}},{"type":"Feature","properties":{"osm_id":202497034,"highway":"residential"},"geometry":{"type":"LineString","coordinates":[[123.1886237,13.6205957],[123.1888284,13.6214559],[123.1888643,13.6216212],[123.1890133,13.6215709],[123.1891902,13.6215162],[123.1894197,13.6214667]]}},{"type":"Feature","properties":{"osm_id":221815642,"highway":"service"},"geometry":{"type":"LineString","coordinates":[[123.1833213,13.6296216],[123.1833464,13.6297608],[123.1833761,13.6298722],[123.1834168,13.6299566],[123.1835244,13.6299345],[123.1836613,13.6299002],[123.1838454,13.629858],[123.1839024,13.6298502],[123.1845949,13.6296397],[123.1846551,13.6296195],[123.1847249,13.6295876],[123.1849891,13.6301171]]}},{"type":"Feature","properties":{"osm_id":222412314,"highway":"service","surface":"unpaved"},"geometry":{"type":"LineString","coordinates":[[123.1834168,13.6299566],[123.1833064,13.6300595],[123.1832979,13.6300995],[123.1833127,13.6301698],[123.1833243,13.630215],[123.1835558,13.6308373],[123.1836052,13.6308241],[123.1837436,13.6311161],[123.1837649,13.6311598],[123.1837989,13.6312295],[123.1839167,13.6314778],[123.1842299,13.6313525],[123.1842566,13.6313407]]}},{"type":"Feature","properties":{"osm_id":222423484,"highway":"service"},"geometry":{"type":"LineString","coordinates":[[123.1839254,13.6300544],[123.1838924,13.6299729],[123.1838657,13.6299066],[123.1843002,13.6297708],[123.1843249,13.62982]]}},{"type":"Feature","properties":{"osm_id":222423485,"highway":"service"},"geometry":{"type":"LineString","coordinates":[[123.1838924,13.6299729],[123.1843249,13.62982]]}},{"type":"Feature","properties":{"osm_id":222976566,"highway":"service","access":"private"},"geometry":{"type":"LineString","coordinates":[[123.2006811,13.6289719],[123.2008381,13.629136]]}},{"type":"Feature","properties":{"osm_id":224702392,"highway":"tertiary","name":"Arana Street","surface":"paved","lit":"yes"},"geometry":{"type":"LineString","coordinates":[[123.1839328,13.6259835],[123.183823,13.6260471],[123.1836975,13.6261038],[123.183459,13.6261902],[123.1832564,13.6262175],[123.1830726,13.6261706],[123.1830302,13.6261487],[123.1828885,13.6260606],[123.1826862,13.6259009]]}},{"type":"Feature","properties":{"osm_id":224702393,"highway":"residential","name":"Everlasting Street","surface":"paved"},"geometry":{"type":"LineString","coordinates":[[123.1936414,13.6175362],[123.1946103,13.6172506],[123.1946843,13.6172036],[123.1948493,13.6170956]]}},{"type":"Feature","properties":{"osm_id":224702395,"highway":"tertiary","surface":"paved","lit":"yes"},"geometry":{"type":"LineString","coordinates":[[123.1789712,13.6176881],[123.179354,13.6176919],[123.179786,13.6176488]]}},{"type":"Feature","properties":{"osm_id":224702396,"highway":"unclassified"},"geometry":{"type":"LineString","coordinates":[[123.1860247,13.6204233],[123.1861407,13.6203967],[123.1862678,13.6203809]]}},{"type":"Feature","properties":{"osm_id":224702397,"highway":"secondary","surface":"asphalt","oneway":"yes","lit":"yes"},"geometry":{"type":"LineString","coordinates":[[123.1848289,13.624141],[123.1848789,13.6242001],[123.1849341,13.6242421],[123.1849833,13.624265],[123.1850279,13.6242769],[123.1850758,13.624283],[123.1851606,13.6242777]]}},{"type":"Feature","properties":{"osm_id":224703849,"highway":"residential"},"geometry":{"type":"LineString","coordinates":[[123.1741894,13.6205154],[123.1742201,13.6203211],[123.1742511,13.6201967],[123.1744114,13.6194074]]}},{"type":"Feature","properties":{"osm_id":231224210,"highway":"residential"},"geometry":{"type":"LineString","coordinates":[[123.167447,13.6174903],[123.1678063,13.6173446],[123.1679974,13.617286],[123.1681731,13.6172743],[123.1687719,13.6172273],[123.1690925,13.6172094],[123.1691695,13.6171782],[123.1693123,13.6170817],[123.1697876,13.6167703],[123.1699093,13.6167075],[123.1700072,13.616701],[123.1703947,13.6166802],[123.1704712,13.6166697],[123.1705543,13.616632],[123.1706783,13.6165442],[123.1707568,13.6164886],[123.1708252,13.6164534],[123.1709468,13.6164322],[123.1713689,13.6163954],[123.1718382,13.6163751],[123.172218,13.6164494],[123.1723648,13.6164664],[123.1725508,13.6164289],[123.17296,13.6163211],[123.1733101,13.6162403],[123.1734135,13.6161984],[123.1734736,13.6161816]]}},{"type":"Feature","properties":{"osm_id":231224219,"highway":"service"},"geometry":{"type":"LineString","coordinates":[[123.1765947,13.6146677],[123.1766023,13.6149692],[123.1766188,13.6150248],[123.176659,13.6151109],[123.1767234,13.6153272],[123.1767362,13.6153533],[123.1767583,13.6153703],[123.177052,13.6153402]]}},{"type":"Feature","properties":{"osm_id":231224227,"highway":"residential"},"geometry":{"type":"LineString","coordinates":[[123.1734707,13.6168327],[123.1734135,13.6161984]]}},{"type":"Feature","properties":{"osm_id":231224230,"highway":"residential"},"geometry":{"type":"LineString","coordinates":[[123.1732365,13.6147934],[123.1731661,13.6139332],[123.1731353,13.6133981],[123.1730743,13.6130338],[123.1728456,13.612693],[123.1728302,13.612661],[123.1728199,13.612371],[123.1728141,13.6122088],[123.1728195,13.6121058],[123.172855,13.6119957],[123.1729851,13.6118731],[123.1732498,13.6117507],[123.1732822,13.6116223],[123.1733311,13.6114333],[123.1733271,13.6109861],[123.1732782,13.6101969],[123.1732486,13.6099193],[123.1732151,13.6096481],[123.1732218,13.6093992],[123.1732848,13.6090949],[123.1733337,13.6088446],[123.1733881,13.6082535],[123.1733968,13.6081264],[123.173376,13.6077412],[123.1732821,13.6069096],[123.173207,13.6064299],[123.1730327,13.6056609],[123.1727578,13.6050795],[123.1725445,13.6046911],[123.1720215,13.603518],[123.1719223,13.6032755],[123.1718229,13.6028501]]}},{"type":"Feature","properties":{"osm_id":236518647,"highway":"secondary"},"geometry":{"type":"LineString","coordinates":[[123.1790366,13.6020712],[123.1786342,13.6021551],[123.1778489,13.6022904],[123.1777,13.6023204],[123.1776053,13.6023495],[123.1775133,13.6023894],[123.1774089,13.6024412],[123.1772801,13.6025027],[123.1771884,13.6025707],[123.1771036,13.6026441],[123.1770121,13.6027216],[123.176944,13.6027995],[123.1768667,13.6028923],[123.1768102,13.6030211],[123.1767754,13.6031092],[123.1767362,13.603211],[123.1766939,13.6033551],[123.1766497,13.6035505],[123.1766027,13.6038816],[123.1765679,13.604287],[123.1765384,13.6058916],[123.1765544,13.6075614],[123.1766161,13.6088974],[123.1766134,13.6090694],[123.1766805,13.6093328],[123.1767784,13.6095856],[123.1769032,13.609798],[123.1770748,13.6100183],[123.1775247,13.6104217],[123.1783086,13.6111132],[123.1786888,13.6114697],[123.1789778,13.6118836],[123.1792447,13.6127047],[123.1794673,13.6134412],[123.179592,13.6138804],[123.1796764,13.6142617],[123.1796907,13.6143835],[123.1796884,13.6145605]]}},{"type":"Feature","properties":{"osm_id":237332435,"highway":"residential","name":"Looban 1"},"geometry":{"type":"LineString","coordinates":[[123.1792152,13.6245683],[123.1793752,13.6244668],[123.1796907,13.6242827]]}},{"type":"Feature","properties":{"osm_id":238039992,"highway":"trunk","name":"Almeda Highway","surface":"paved","lanes":"4","lit":"yes"},"geometry":{"type":"LineString","coordinates":[[123.1934943,13.6157405],[123.1935283,13.6155846],[123.1935645,13.6154183]]}},{"type":"Feature","properties":{"osm_id":238039993,"highway":"trunk","name":"Roxas Avenue","ref":"1","lanes":"2","lit":"yes"},"geometry":{"type":"LineString","coordinates":[[123.1930895,13.6156623],[123.1932499,13.6156889],[123.1934943,13.6157405]]}},{"type":"Feature","properties":{"osm_id":245743154,"highway":"service"},"geometry":{"type":"LineString","coordinates":[[123.1838657,13.6299066],[123.1838454,13.629858]]}},{"type":"Feature","properties":{"osm_id":252221727,"highway":"primary","name":"Roxas Avenue","ref":"1","surface":"paved","lanes":"2","lit":"yes"},"geometry":{"type":"LineString","coordinates":[[123.1934943,13.6157405],[123.1936228,13.6157779],[123.1937597,13.6158198],[123.1939719,13.6158982],[123.1941935,13.6159942],[123.1942449,13.61602],[123.1943452,13.6160738],[123.1945867,13.6161963],[123.1949174,13.6163868],[123.1950918,13.6164889],[123.1952351,13.6165729],[123.1959039,13.6169524],[123.1961839,13.6171147],[123.1967002,13.6174162],[123.1969769,13.6175809],[123.1970549,13.6176259],[123.1971148,13.6176564],[123.1971377,13.6176691],[123.1973794,13.617811],[123.1978663,13.6180946],[123.1984619,13.6184325],[123.1989017,13.6186873],[123.1991501,13.6188268],[123.19953,13.6190429],[123.199848,13.6192311],[123.2001003,13.6194224],[123.2002026,13.619517],[123.2002942,13.6196193],[123.2003805,13.6197274],[123.2004608,13.6198443],[123.2004915,13.619891],[123.2006237,13.6201562],[123.2006633,13.6202364],[123.200746,13.6204133],[123.2007778,13.6204876],[123.2008496,13.6206431]]}},{"type":"Feature","properties":{"osm_id":252222638,"highway":"trunk","name":"Roxas Avenue","ref":"1","surface":"paved","lanes":"1","oneway":"yes","lit":"yes"},"geometry":{"type":"LineString","coordinates":[[123.184743,13.6165746],[123.1845586,13.6165432],[123.184481,13.616516]]}},{"type":"Feature","properties":{"osm_id":252222640,"highway":"trunk","name":"Roxas Avenue","ref":"1","surface":"paved","lanes":"2","lit":"yes"},"geometry":{"type":"LineString","coordinates":[[123.1910188,13.6158483],[123.1912245,13.6158166],[123.1912972,13.6158054],[123.1914823,13.6157769],[123.1915575,13.6157653],[123.1917053,13.6157425],[123.1919235,13.6157076],[123.1920901,13.6156833],[123.1922219,13.6156677],[123.1924025,13.6156502],[123.19245,13.6156454],[123.1926194,13.6156389]]}},{"type":"Feature","properties":{"osm_id":252222641,"highway":"secondary","name":"Fraternidad Street","surface":"paved"},"geometry":{"type":"LineString","coordinates":[[123.1837552,13.6166577],[123.183647,13.6167049],[123.1834527,13.6168027],[123.183171,13.6169579]]}},{"type":"Feature","properties":{"osm_id":252222642,"highway":"secondary","name":"Fraternidad Street","surface":"paved","lanes":"1","oneway":"yes"},"geometry":{"type":"LineString","coordinates":[[123.1837552,13.6166577],[123.1837849,13.6166146],[123.183836,13.6165689],[123.1838945,13.6165198]]}},{"type":"Feature","properties":{"osm_id":252222643,"highway":"trunk","name":"Roxas Avenue","ref":"1","lanes":"1","oneway":"yes","lit":"yes"},"geometry":{"type":"LineString","coordinates":[[123.1842521,13.6163687],[123.1842865,13.6163848],[123.1845228,13.6164649],[123.1845913,13.6164872],[123.184743,13.6165746]]}},{"type":"Feature","properties":{"osm_id":252222645,"highway":"secondary","lanes":"1","oneway":"yes"},"geometry":{"type":"LineString","coordinates":[[123.1838945,13.6165198],[123.1840613,13.6164446],[123.1841072,13.6164218],[123.1841824,13.6163796],[123.1842202,13.6163448]]}},{"type":"Feature","properties":{"osm_id":252222646,"highway":"trunk_link","oneway":"yes"},"geometry":{"type":"LineString","coordinates":[[123.184481,13.616516],[123.1842948,13.6165012],[123.1842089,13.6165004],[123.1841276,13.6165039],[123.1840276,13.616536]]}},{"type":"Feature","properties":{"osm_id":252223483,"highway":"secondary","name":"Magsaysay Avenue","surface":"asphalt","lanes":"2","lit":"yes"},"geometry":{"type":"LineString","coordinates":[[123.2010268,13.6219042],[123.2010255,13.6220969],[123.2010138,13.6241955],[123.2009992,13.6251495],[123.2009915,13.6256958],[123.2009806,13.625913],[123.2009667,13.6260139],[123.2009331,13.6261612],[123.2008687,13.6263647],[123.2008333,13.6264454],[123.2007299,13.626674],[123.2006544,13.626806],[123.2005168,13.6270099],[123.1991999,13.6285523],[123.1990551,13.6287206],[123.1987017,13.6291434],[123.1980718,13.6298958],[123.1980548,13.6299157],[123.1979732,13.6300111],[123.1977397,13.6302839],[123.1976009,13.630452],[123.1974584,13.6306139],[123.1973624,13.6307275],[123.1971993,13.6309166],[123.1968746,13.6312994],[123.1967731,13.6314016],[123.1966734,13.6314995],[123.1964589,13.6316949],[123.1963753,13.6317713],[123.196329,13.6318116],[123.1962521,13.6318831],[123.1961817,13.631948],[123.1960123,13.6321],[123.1958668,13.6322372],[123.1958125,13.6322833]]}},{"type":"Feature","properties":{"osm_id":252223484,"highway":"primary","name":"Naga Rotonda","ref":"1","lanes":"1","oneway":"yes","lit":"yes"},"geometry":{"type":"LineString","coordinates":[[123.2011613,13.6211086],[123.2011369,13.6211416],[123.2011045,13.6211674],[123.2010617,13.6211856],[123.2010153,13.6211911],[123.2009692,13.6211834],[123.2009273,13.6211632],[123.2009,13.6211401]]}},{"type":"Feature","properties":{"osm_id":252223485,"highway":"secondary","name":"Panganiban Drive","lanes":"1","oneway":"yes","lit":"yes"},"geometry":{"type":"LineString","coordinates":[[123.2009,13.6211401],[123.2008162,13.621127],[123.2007325,13.621122],[123.2006438,13.6211241],[123.2005021,13.6211267]]}},{"type":"Feature","properties":{"osm_id":252223486,"highway":"secondary","name":"Magsaysay Avenue","lanes":"1","oneway":"yes"},"geometry":{"type":"LineString","coordinates":[[123.2011045,13.6211674],[123.2010742,13.6212696],[123.2010562,13.6214041],[123.2010575,13.6215641],[123.2010495,13.621756],[123.2010268,13.6219042]]}},{"type":"Feature","properties":{"osm_id":252223487,"highway":"primary","name":"Maharlika Highway","ref":"1","surface":"asphalt","lanes":"1","oneway":"yes","lit":"yes"},"geometry":{"type":"LineString","coordinates":[[123.2011164,13.620909],[123.2012517,13.6209367],[123.2013532,13.6209519],[123.2015184,13.6209469],[123.2018996,13.6209316]]}},{"type":"Feature","properties":{"osm_id":252223488,"highway":"primary","name":"Roxas Avenue","ref":"1","lanes":"1","oneway":"yes","lit":"yes"},"geometry":{"type":"LineString","coordinates":[[123.2009045,13.6209238],[123.2009071,13.6208509],[123.2008871,13.6207759],[123.2008496,13.6206431]]}},{"type":"Feature","properties":{"osm_id":264708532,"highway":"service"},"geometry":{"type":"LineString","coordinates":[[123.1913503,13.6136752],[123.1915744,13.6136935],[123.1917934,13.6136888],[123.1920316,13.6136713]]}},{"type":"Feature","properties":{"osm_id":269766903,"highway":"service"},"geometry":{"type":"LineString","coordinates":[[123.1893083,13.6137566],[123.1892453,13.6132795],[123.1892212,13.6131466],[123.189189,13.6130632],[123.1891347,13.6130052],[123.1890783,13.6129716],[123.189023,13.6129547],[123.1889731,13.6129493],[123.1882462,13.6129497],[123.187471,13.6129502]]}},{"type":"Feature","properties":{"osm_id":272595407,"highway":"secondary","name":"Ninoy and Cory Avenue","lit":"yes"},"geometry":{"type":"LineString","coordinates":[[123.1894197,13.6214667],[123.1891944,13.6206376],[123.1891772,13.6205512],[123.1891536,13.6204404],[123.1891443,13.6203979],[123.1890738,13.6200444],[123.1889579,13.6193949],[123.1888745,13.6189021]]}},{"type":"Feature","properties":{"osm_id":272595409,"highway":"secondary","name":"Panganiban Drive","surface":"asphalt","lanes":"2","lit":"yes"},"geometry":{"type":"LineString","coordinates":[[123.1959078,13.6217772],[123.1959759,13.6217698],[123.1969429,13.6216382],[123.1969637,13.6216354],[123.1977439,13.6215179],[123.1979069,13.6214923],[123.1981945,13.6214539],[123.1983319,13.6214344],[123.198461,13.6214188],[123.1990032,13.6213531],[123.1991238,13.6213385],[123.1992145,13.6213258],[123.2003336,13.6211581],[123.2005021,13.6211267]]}},{"type":"Feature","properties":{"osm_id":274215515,"highway":"secondary","name":"Biak na Bato Street","surface":"asphalt","lanes":"2"},"geometry":{"type":"LineString","coordinates":[[123.183171,13.6169579],[123.1834031,13.6179543],[123.1835557,13.6184803],[123.1837883,13.6192508],[123.1838772,13.6196689],[123.183888,13.6197301]]}},{"type":"Feature","properties":{"osm_id":276457429,"highway":"service"},"geometry":{"type":"LineString","coordinates":[[123.1875011,13.6260338],[123.1877891,13.6258725]]}},{"type":"Feature","properties":{"osm_id":278567946,"highway":"residential"},"geometry":{"type":"LineString","coordinates":[[123.1804591,13.631993],[123.180566,13.6320506],[123.1806979,13.6321758],[123.1808207,13.6323098],[123.1809376,13.6324233],[123.1810619,13.6325536],[123.1811654,13.6326621],[123.1812253,13.6326738],[123.1818157,13.6322952],[123.1818127,13.6322486],[123.1817348,13.6321234],[123.1816449,13.631969],[123.1816164,13.6319248],[123.1816059,13.6319108],[123.181489,13.6318642],[123.1813158,13.6317767],[123.1812698,13.6317542],[123.1811296,13.6316826],[123.1810574,13.6316472],[123.1809581,13.631596],[123.1807898,13.631511],[123.1807278,13.6314797],[123.1806649,13.6314419],[123.1806349,13.6313807],[123.1806289,13.6312962],[123.1809586,13.6312001],[123.1810125,13.6311652],[123.1810065,13.6311186],[123.1806242,13.6308024],[123.1803515,13.6305719],[123.1802582,13.6302934],[123.179982,13.6295817],[123.1796692,13.6297259]]}},{"type":"Feature","properties":{"osm_id":278567957,"highway":"residential"},"geometry":{"type":"LineString","coordinates":[[123.1796692,13.6297259],[123.1794375,13.6297924],[123.1793989,13.6298037],[123.1793724,13.6298402],[123.1793525,13.6300248],[123.1793326,13.6300484],[123.1791119,13.6301101]]}},{"type":"Feature","properties":{"osm_id":278567958,"highway":"residential"},"geometry":{"type":"LineString","coordinates":[[123.1794104,13.6310154],[123.1793045,13.6308495],[123.1792152,13.6307097],[123.1791301,13.6305602],[123.1790476,13.6304155],[123.1791119,13.6301101]]}},{"type":"Feature","properties":{"osm_id":278571484,"highway":"residential"},"geometry":{"type":"LineString","coordinates":[[123.1676152,13.6211084],[123.1678943,13.6210784],[123.1687816,13.6210316],[123.1696427,13.6209389],[123.1698299,13.6209187],[123.1700179,13.620911],[123.1702291,13.6209406]]}},{"type":"Feature","properties":{"osm_id":282035194,"highway":"secondary","name":"Santonja Street","surface":"paved","oneway":"yes"},"geometry":{"type":"LineString","coordinates":[[123.1884649,13.6275283],[123.1880481,13.6277654],[123.1875958,13.6280162]]}},{"type":"Feature","properties":{"osm_id":291263582,"highway":"residential","name":"3rd Street"},"geometry":{"type":"LineString","coordinates":[[123.2000565,13.6165958],[123.1996307,13.6162053]]}},{"type":"Feature","properties":{"osm_id":291263583,"highway":"residential"},"geometry":{"type":"LineString","coordinates":[[123.1996307,13.6162053],[123.1993139,13.6159802],[123.1991284,13.616297]]}},{"type":"Feature","properties":{"osm_id":291263584,"highway":"residential","name":"Dalia","surface":"concrete"},"geometry":{"type":"LineString","coordinates":[[123.1948737,13.6202382],[123.1953522,13.6200401],[123.1958316,13.6198357],[123.1962758,13.6196527],[123.1966315,13.6194902],[123.1972039,13.6194013],[123.1976637,13.6193298]]}},{"type":"Feature","properties":{"osm_id":291263585,"highway":"residential"},"geometry":{"type":"LineString","coordinates":[[123.1963877,13.6198838],[123.1977732,13.619667]]}},{"type":"Feature","properties":{"osm_id":291264781,"highway":"residential","name":"1st Street"},"geometry":{"type":"LineString","coordinates":[[123.179804,13.6257239],[123.1796341,13.6255794],[123.1793949,13.6253659],[123.179385,13.6253567],[123.1792801,13.6252598]]}},{"type":"Feature","properties":{"osm_id":291264784,"highway":"residential"},"geometry":{"type":"LineString","coordinates":[[123.1770447,13.6272625],[123.1767546,13.6275667],[123.1765746,13.627699],[123.1763314,13.6279261],[123.1764297,13.6280167],[123.1769631,13.6284849]]}},{"type":"Feature","properties":{"osm_id":291264786,"highway":"residential"},"geometry":{"type":"LineString","coordinates":[[123.1767546,13.6275667],[123.1768329,13.6276213],[123.1769097,13.6277011],[123.1769805,13.6277737],[123.1773027,13.62806]]}},{"type":"Feature","properties":{"osm_id":291265532,"highway":"track"},"geometry":{"type":"LineString","coordinates":[[123.1730405,13.6205962],[123.1733711,13.6189383],[123.1742821,13.61893],[123.1751974,13.6189133]]}},{"type":"Feature","properties":{"osm_id":291265533,"highway":"residential"},"geometry":{"type":"LineString","coordinates":[[123.1692711,13.6199632],[123.1695113,13.61994],[123.16988,13.6199295],[123.1701188,13.6199308],[123.1705669,13.6199319]]}},{"type":"Feature","properties":{"osm_id":291266164,"highway":"residential","bridge":"yes"},"geometry":{"type":"LineString","coordinates":[[123.1734736,13.6161816],[123.1735749,13.6161628],[123.1736607,13.6161479]]}},{"type":"Feature","properties":{"osm_id":291266165,"highway":"residential"},"geometry":{"type":"LineString","coordinates":[[123.1736607,13.6161479],[123.1738037,13.6161397],[123.1740438,13.6161397],[123.1746468,13.616164],[123.174862,13.616181],[123.1750791,13.6161651],[123.1753977,13.616125]]}},{"type":"Feature","properties":{"osm_id":291266166,"highway":"secondary","name":"Mabolo-Gainza Road","surface":"paved","maxspeed":"40","bridge":"yes"},"geometry":{"type":"LineString","coordinates":[[123.1739273,13.6147823],[123.1734986,13.614789]]}},{"type":"Feature","properties":{"osm_id":291266167,"highway":"secondary","name":"Mabolo-Gainza Road","surface":"paved"},"geometry":{"type":"LineString","coordinates":[[123.1734986,13.614789],[123.1732365,13.6147934],[123.1731217,13.614793],[123.1714129,13.6148532],[123.1710827,13.6148648],[123.1702029,13.6148958],[123.1675362,13.6149897],[123.165918,13.6150462],[123.1654377,13.6150538],[123.1653637,13.6150575],[123.1652011,13.6150655],[123.1650016,13.6150731],[123.1641338,13.6151109],[123.16313,13.6151519],[123.1626257,13.6151747]]}},{"type":"Feature","properties":{"osm_id":293702448,"highway":"busway","surface":"concrete","lanes":"1","oneway":"yes"},"geometry":{"type":"LineString","coordinates":[[123.1900231,13.6185684],[123.1902059,13.619159],[123.1895208,13.6193575]]}},{"type":"Feature","properties":{"osm_id":315838105,"highway":"residential"},"geometry":{"type":"LineString","coordinates":[[123.2025384,13.6119775],[123.2021223,13.611688],[123.2014803,13.6112219],[123.2011905,13.6110039],[123.2009355,13.6108114]]}},{"type":"Feature","properties":{"osm_id":315838106,"highway":"residential"},"geometry":{"type":"LineString","coordinates":[[123.2024937,13.6122014],[123.2020467,13.6119455],[123.2018076,13.6118336],[123.2014208,13.6115555],[123.2012024,13.6113734],[123.2011479,13.6113992],[123.201079,13.611441],[123.2009518,13.6115147],[123.2007242,13.611665]]}},{"type":"Feature","properties":{"osm_id":315838111,"highway":"residential"},"geometry":{"type":"LineString","coordinates":[[123.2018076,13.6118336],[123.2017737,13.6118718],[123.2017361,13.6118813],[123.2014149,13.6118093],[123.2012923,13.6117874],[123.2012325,13.6117736],[123.2008973,13.6117083],[123.2007242,13.611665]]}},{"type":"Feature","properties":{"osm_id":315838113,"highway":"residential"},"geometry":{"type":"LineString","coordinates":[[123.2012325,13.6117736],[123.2012728,13.6117229],[123.2014208,13.6115555]]}},{"type":"Feature","properties":{"osm_id":315838114,"highway":"residential"},"geometry":{"type":"LineString","coordinates":[[123.2023747,13.6127475],[123.2016023,13.6124773],[123.201084,13.6123067],[123.2010272,13.6122909],[123.2007295,13.6121922],[123.2005588,13.6121328]]}},{"type":"Feature","properties":{"osm_id":315838115,"highway":"residential"},"geometry":{"type":"LineString","coordinates":[[123.2025384,13.6119775],[123.2025828,13.6119879],[123.202645,13.6119952],[123.2027124,13.6119845],[123.202867,13.6118686],[123.2029526,13.6118242]]}},{"type":"Feature","properties":{"osm_id":315838214,"highway":"residential"},"geometry":{"type":"LineString","coordinates":[[123.2012371,13.6132728],[123.2013637,13.6133202],[123.2015367,13.6133706],[123.2016738,13.6134036],[123.2018171,13.6133841],[123.2019523,13.6133503],[123.2020022,13.6133698],[123.202206,13.6134148]]}},{"type":"Feature","properties":{"osm_id":315840555,"highway":"residential"},"geometry":{"type":"LineString","coordinates":[[123.1769187,13.6262556],[123.1768532,13.6262968],[123.1767965,13.6263222]]}},{"type":"Feature","properties":{"osm_id":315841324,"highway":"residential"},"geometry":{"type":"LineString","coordinates":[[123.17905,13.6255519],[123.1788044,13.6252287]]}},{"type":"Feature","properties":{"osm_id":336326113,"highway":"service"},"geometry":{"type":"LineString","coordinates":[[123.1920901,13.6156833],[123.1919963,13.6153687]]}},{"type":"Feature","properties":{"osm_id":376034362,"highway":"residential","surface":"paved"},"geometry":{"type":"LineString","coordinates":[[123.1937519,13.619966],[123.1942682,13.6198865]]}},{"type":"Feature","properties":{"osm_id":383244707,"highway":"service"},"geometry":{"type":"LineString","coordinates":[[123.1815729,13.6252499],[123.1814446,13.6254896]]}},{"type":"Feature","properties":{"osm_id":421435711,"highway":"residential"},"geometry":{"type":"LineString","coordinates":[[123.1985395,13.6266565],[123.1983391,13.6264925],[123.1981144,13.626297],[123.1976932,13.6259834]]}},{"type":"Feature","properties":{"osm_id":427156739,"highway":"service","surface":"concrete"},"geometry":{"type":"LineString","coordinates":[[123.1961068,13.6297072],[123.1960638,13.6297894]]}},{"type":"Feature","properties":{"osm_id":462785068,"highway":"service","surface":"concrete","oneway":"yes","access":"customers"},"geometry":{"type":"LineString","coordinates":[[123.199249,13.6221508],[123.1989215,13.6221944],[123.1982348,13.6222857],[123.1978664,13.6223377]]}},{"type":"Feature","properties":{"osm_id":462785069,"highway":"service"},"geometry":{"type":"LineString","coordinates":[[123.1989522,13.6254998],[123.1988556,13.6256615]]}},{"type":"Feature","properties":{"osm_id":462785070,"highway":"service"},"geometry":{"type":"LineString","coordinates":[[123.19871,13.6255188],[123.1987732,13.6256318]]}},{"type":"Feature","properties":{"osm_id":462785072,"highway":"service"},"geometry":{"type":"LineString","coordinates":[[123.1973381,13.6265837],[123.1973856,13.6266187],[123.1974286,13.6266331],[123.1974755,13.6266005],[123.197623,13.6264232]]}},{"type":"Feature","properties":{"osm_id":462785073,"highway":"service","access":"private"},"geometry":{"type":"LineString","coordinates":[[123.1904714,13.6184315],[123.1905487,13.6187737],[123.1905929,13.6187743],[123.1906895,13.61931],[123.1906841,13.619443],[123.1906851,13.6196015]]}},{"type":"Feature","properties":{"osm_id":566041597,"highway":"service","access":"private"},"geometry":{"type":"LineString","coordinates":[[123.1796456,13.6232395],[123.1796042,13.623318],[123.1796113,13.6234082],[123.1796575,13.6235574]]}},{"type":"Feature","properties":{"osm_id":566041598,"highway":"service"},"geometry":{"type":"LineString","coordinates":[[123.1796575,13.6235574],[123.1796802,13.6236172]]}},{"type":"Feature","properties":{"osm_id":566047059,"highway":"residential"},"geometry":{"type":"LineString","coordinates":[[123.1932557,13.6176199],[123.1931897,13.6173957],[123.1935338,13.6172665]]}},{"type":"Feature","properties":{"osm_id":566047063,"highway":"service"},"geometry":{"type":"LineString","coordinates":[[123.1931897,13.6173957],[123.1931855,13.6172485],[123.1932781,13.6172017],[123.1931793,13.6169677],[123.193045,13.6166265]]}},{"type":"Feature","properties":{"osm_id":566047065,"highway":"service"},"geometry":{"type":"LineString","coordinates":[[123.1931897,13.6173957],[123.1924534,13.6176289]]}},{"type":"Feature","properties":{"osm_id":566047067,"highway":"service"},"geometry":{"type":"LineString","coordinates":[[123.192808,13.6161616],[123.1926194,13.6156389]]}},{"type":"Feature","properties":{"osm_id":566047777,"highway":"service","oneway":"yes"},"geometry":{"type":"LineString","coordinates":[[123.1792871,13.6188133],[123.1791211,13.6188763],[123.1786106,13.619147]]}},{"type":"Feature","properties":{"osm_id":566047778,"highway":"service","oneway":"yes"},"geometry":{"type":"LineString","coordinates":[[123.1786106,13.619147],[123.1784354,13.6192449]]}},{"type":"Feature","properties":{"osm_id":566047779,"highway":"service","oneway":"yes"},"geometry":{"type":"LineString","coordinates":[[123.1780336,13.6184901],[123.1782566,13.6178916],[123.1783609,13.6178063],[123.1784941,13.6177698],[123.178721,13.6177571],[123.1789765,13.6177428]]}},{"type":"Feature","properties":{"osm_id":566047782,"highway":"service","oneway":"yes"},"geometry":{"type":"LineString","coordinates":[[123.1780584,13.6189741],[123.1779998,13.618932],[123.1779479,13.6188947],[123.1779363,13.6188279],[123.1779841,13.6186619],[123.1780336,13.6184901]]}},{"type":"Feature","properties":{"osm_id":596568229,"highway":"tertiary","name":"General Luna Street","surface":"concrete","oneway":"yes","lit":"yes"},"geometry":{"type":"LineString","coordinates":[[123.1848992,13.6243626],[123.1853773,13.6252974]]}},{"type":"Feature","properties":{"osm_id":596568234,"highway":"tertiary","name":"P. Burgos Street","surface":"asphalt","oneway":"yes","lit":"yes"},"geometry":{"type":"LineString","coordinates":[[123.1848992,13.6243626],[123.1844471,13.6245813],[123.1842339,13.6246709]]}},{"type":"Feature","properties":{"osm_id":596568237,"highway":"secondary","name":"P. Burgos Street","surface":"asphalt","maxspeed":"40","oneway":"yes"},"geometry":{"type":"LineString","coordinates":[[123.185573,13.6242071],[123.1856878,13.6241869],[123.1859378,13.6241519]]}},{"type":"Feature","properties":{"osm_id":596568238,"highway":"secondary","name":"P. Burgos Street","surface":"asphalt","lit":"yes"},"geometry":{"type":"LineString","coordinates":[[123.1851606,13.6242777],[123.1852186,13.6242658],[123.185368,13.6242427],[123.1854429,13.6242299],[123.185573,13.6242071]]}},{"type":"Feature","properties":{"osm_id":596568239,"highway":"secondary","name":"Elias Angeles Street","surface":"asphalt","lanes":"2","oneway":"yes","lit":"yes"},"geometry":{"type":"LineString","coordinates":[[123.185042,13.6228618],[123.1850416,13.6227266],[123.1850472,13.6225848],[123.1850619,13.6224686],[123.1852378,13.6220187]]}},{"type":"Feature","properties":{"osm_id":596568240,"highway":"secondary","name":"General Luna Street","surface":"asphalt","lanes":"2","oneway":"yes","lit":"yes"},"geometry":{"type":"LineString","coordinates":[[123.1844694,13.6229996],[123.1845626,13.6233121],[123.1846018,13.6234228],[123.1847422,13.6238593]]}},{"type":"Feature","properties":{"osm_id":596568241,"highway":"tertiary","name":"P. Burgos Street","surface":"asphalt","lit":"yes"},"geometry":{"type":"LineString","coordinates":[[123.1848992,13.6243626],[123.1851606,13.6242777]]}},{"type":"Feature","properties":{"osm_id":596568242,"highway":"tertiary","name":"General Luna Street","surface":"asphalt","oneway":"yes","lit":"yes"},"geometry":{"type":"LineString","coordinates":[[123.1848289,13.624141],[123.1848742,13.6242904],[123.1848992,13.6243626]]}},{"type":"Feature","properties":{"osm_id":596568243,"highway":"secondary","name":"Elias Angeles Street","surface":"asphalt","oneway":"yes","lit":"yes"},"geometry":{"type":"LineString","coordinates":[[123.1859231,13.6248803],[123.185573,13.6242071]]}},{"type":"Feature","properties":{"osm_id":599676826,"highway":"service"},"geometry":{"type":"LineString","coordinates":[[123.1908044,13.6298165],[123.1905636,13.6301179],[123.190708,13.6302409],[123.1904483,13.6304984]]}},{"type":"Feature","properties":{"osm_id":599998850,"highway":"residential"},"geometry":{"type":"LineString","coordinates":[[123.1938091,13.6294686],[123.1937622,13.6296657],[123.1937219,13.6297817],[123.1937179,13.6299563]]}},{"type":"Feature","properties":{"osm_id":599998851,"highway":"residential"},"geometry":{"type":"LineString","coordinates":[[123.1922703,13.6271913],[123.192531,13.6270877]]}},{"type":"Feature","properties":{"osm_id":599998852,"highway":"service"},"geometry":{"type":"LineString","coordinates":[[123.190217,13.6292826],[123.1903759,13.6290922]]}},{"type":"Feature","properties":{"osm_id":599998853,"highway":"residential"},"geometry":{"type":"LineString","coordinates":[[123.1906323,13.6296598],[123.1908788,13.6293555]]}},{"type":"Feature","properties":{"osm_id":599998854,"highway":"residential"},"geometry":{"type":"LineString","coordinates":[[123.1905581,13.627704],[123.1903772,13.6279518]]}},{"type":"Feature","properties":{"osm_id":599998855,"highway":"residential"},"geometry":{"type":"LineString","coordinates":[[123.1934182,13.6294082],[123.1933008,13.6298299]]}},{"type":"Feature","properties":{"osm_id":600015258,"highway":"residential"},"geometry":{"type":"LineString","coordinates":[[123.1910112,13.623741],[123.1910625,13.6240822]]}},{"type":"Feature","properties":{"osm_id":600015259,"highway":"service"},"geometry":{"type":"LineString","coordinates":[[123.193614,13.6245891],[123.1935598,13.6241422]]}},{"type":"Feature","properties":{"osm_id":600015260,"highway":"service"},"geometry":{"type":"LineString","coordinates":[[123.1923183,13.6239163],[123.1933263,13.6236559]]}},{"type":"Feature","properties":{"osm_id":600015261,"highway":"service"},"geometry":{"type":"LineString","coordinates":[[123.1923056,13.6237765],[123.1918886,13.6239218]]}},{"type":"Feature","properties":{"osm_id":600015262,"highway":"service"},"geometry":{"type":"LineString","coordinates":[[123.1896248,13.6236976],[123.1900513,13.6236599],[123.1905931,13.6236012]]}},{"type":"Feature","properties":{"osm_id":600024557,"highway":"service"},"geometry":{"type":"LineString","coordinates":[[123.1917253,13.6182069],[123.1917036,13.6179125]]}},{"type":"Feature","properties":{"osm_id":600024558,"highway":"service"},"geometry":{"type":"LineString","coordinates":[[123.1932774,13.6168977],[123.1933748,13.6171537]]}},{"type":"Feature","properties":{"osm_id":600024559,"highway":"service"},"geometry":{"type":"LineString","coordinates":[[123.1931793,13.6169677],[123.1932774,13.6168977],[123.1933918,13.6168577]]}},{"type":"Feature","properties":{"osm_id":600026894,"highway":"service"},"geometry":{"type":"LineString","coordinates":[[123.1944208,13.6153049],[123.1943536,13.615597],[123.1942946,13.6158538],[123.1942449,13.61602]]}},{"type":"Feature","properties":{"osm_id":600026896,"highway":"service","name":"Robinsons Place Naga Road"},"geometry":{"type":"LineString","coordinates":[[123.1922159,13.6150195],[123.1920477,13.6150822],[123.191704,13.6142683],[123.1925005,13.6139592],[123.1925724,13.6138656],[123.192715,13.6133208]]}},{"type":"Feature","properties":{"osm_id":600026897,"highway":"service"},"geometry":{"type":"LineString","coordinates":[[123.1908989,13.6131205],[123.1909901,13.6131414],[123.1910545,13.6131805],[123.1911282,13.6132587],[123.1912248,13.6133773],[123.1913052,13.6134568],[123.1914528,13.6135819]]}},{"type":"Feature","properties":{"osm_id":600026898,"highway":"service"},"geometry":{"type":"LineString","coordinates":[[123.1911349,13.6138126],[123.1912248,13.6137748],[123.1912999,13.6137253],[123.1913503,13.6136752],[123.1914528,13.6135819],[123.1915641,13.6134894],[123.1916767,13.6133877],[123.1917666,13.61329]]}},{"type":"Feature","properties":{"osm_id":600026899,"highway":"service","name":"Robinsons Place Naga Road"},"geometry":{"type":"LineString","coordinates":[[123.1935861,13.6149456],[123.1935141,13.6148215],[123.1935033,13.6146572],[123.1937767,13.6136001],[123.192715,13.6133208]]}},{"type":"Feature","properties":{"osm_id":600026900,"highway":"service","name":"Robinsons Place Naga Road"},"geometry":{"type":"LineString","coordinates":[[123.19245,13.6156454],[123.1922159,13.6150195],[123.1925633,13.6148655],[123.1927362,13.6149466],[123.1928353,13.6152143],[123.1929234,13.6153266],[123.1929964,13.6153677]]}},{"type":"Feature","properties":{"osm_id":600032112,"highway":"service"},"geometry":{"type":"LineString","coordinates":[[123.1886698,13.6161927],[123.1886941,13.6163386],[123.1887813,13.6166475],[123.1888629,13.6167509]]}},{"type":"Feature","properties":{"osm_id":600032114,"highway":"service","surface":"concrete","access":"customers"},"geometry":{"type":"LineString","coordinates":[[123.1886377,13.6159794],[123.1886151,13.6158296],[123.1885925,13.6156798],[123.1885699,13.61553],[123.1889409,13.6154771],[123.1893032,13.6154255],[123.1893258,13.6155753],[123.1893484,13.6157251]]}},{"type":"Feature","properties":{"osm_id":600032116,"highway":"service","surface":"concrete"},"geometry":{"type":"LineString","coordinates":[[123.1885514,13.6162095],[123.1885077,13.6159059],[123.1884769,13.6156921],[123.1882939,13.6144115]]}},{"type":"Feature","properties":{"osm_id":600032118,"highway":"service"},"geometry":{"type":"LineString","coordinates":[[123.1880343,13.6160224],[123.1880286,13.6159751],[123.1879992,13.6157302],[123.1879256,13.6152177],[123.1878158,13.6144772],[123.1876965,13.6138749],[123.187471,13.6129502]]}},{"type":"Feature","properties":{"osm_id":600032119,"highway":"service"},"geometry":{"type":"LineString","coordinates":[[123.1902579,13.6142101],[123.1902226,13.613933]]}},{"type":"Feature","properties":{"osm_id":600032121,"highway":"service","surface":"concrete"},"geometry":{"type":"LineString","coordinates":[[123.189869,13.6139797],[123.1902226,13.613933],[123.1911349,13.6138126]]}},{"type":"Feature","properties":{"osm_id":600032123,"highway":"service","surface":"concrete"},"geometry":{"type":"LineString","coordinates":[[123.1899992,13.6159951],[123.1899758,13.6158399],[123.18981,13.6147375],[123.1897348,13.6142376]]}},{"type":"Feature","properties":{"osm_id":600065106,"highway":"residential"},"geometry":{"type":"LineString","coordinates":[[123.1872869,13.6182365],[123.1878812,13.6178075],[123.1880795,13.617661]]}},{"type":"Feature","properties":{"osm_id":600065107,"highway":"residential"},"geometry":{"type":"LineString","coordinates":[[123.1883139,13.6174524],[123.1886888,13.6171891],[123.1889316,13.6170087],[123.1891045,13.6168977],[123.1892521,13.6167913],[123.1894281,13.61666]]}},{"type":"Feature","properties":{"osm_id":600065108,"highway":"service"},"geometry":{"type":"LineString","coordinates":[[123.1884773,13.6190348],[123.1885587,13.6193296]]}},{"type":"Feature","properties":{"osm_id":600065109,"highway":"residential"},"geometry":{"type":"LineString","coordinates":[[123.1873261,13.621463],[123.1870678,13.621265],[123.1867437,13.6209974],[123.1864743,13.6207814],[123.1863572,13.62067],[123.1861407,13.6203967]]}},{"type":"Feature","properties":{"osm_id":600065110,"highway":"residential"},"geometry":{"type":"LineString","coordinates":[[123.1884039,13.6170687],[123.1884956,13.6170111],[123.1885809,13.6169578],[123.1887015,13.6168699],[123.1888126,13.6167897],[123.1888629,13.6167509],[123.1891728,13.6165121],[123.189409,13.6163367]]}},{"type":"Feature","properties":{"osm_id":600065113,"highway":"service"},"geometry":{"type":"LineString","coordinates":[[123.1887233,13.620227],[123.1887122,13.620075],[123.1886513,13.6199345],[123.1885471,13.6198206],[123.1884108,13.6197454],[123.1882567,13.6197169],[123.1881015,13.619738],[123.1879615,13.6198067],[123.1878517,13.6199155],[123.1877838,13.6200529],[123.1877651,13.6202042],[123.1877923,13.6203399],[123.1878594,13.620462],[123.1879602,13.6205596],[123.1880861,13.6206242],[123.1882259,13.6206501],[123.1883674,13.620635],[123.1884981,13.6205803],[123.1886066,13.6204908],[123.1886834,13.6203743],[123.1887233,13.620227]]}},{"type":"Feature","properties":{"osm_id":600074311,"highway":"residential"},"geometry":{"type":"LineString","coordinates":[[123.1952623,13.6300933],[123.1949973,13.6304268],[123.1950107,13.6305011],[123.1951207,13.6306106]]}},{"type":"Feature","properties":{"osm_id":600098316,"highway":"residential"},"geometry":{"type":"LineString","coordinates":[[123.1864546,13.6248463],[123.1867411,13.6245996],[123.1871257,13.6242865]]}},{"type":"Feature","properties":{"osm_id":600098318,"highway":"service"},"geometry":{"type":"LineString","coordinates":[[123.1891282,13.6227487],[123.1891553,13.6229586],[123.1891906,13.6232757]]}},{"type":"Feature","properties":{"osm_id":600129468,"highway":"service"},"geometry":{"type":"LineString","coordinates":[[123.1879749,13.627697],[123.1880692,13.6275947],[123.1880826,13.6274617],[123.1880558,13.627334],[123.1879619,13.6271698]]}},{"type":"Feature","properties":{"osm_id":600129469,"highway":"service"},"geometry":{"type":"LineString","coordinates":[[123.1873883,13.6276439],[123.1866655,13.6280916],[123.1867195,13.6281854],[123.1869511,13.6285682]]}},{"type":"Feature","properties":{"osm_id":600129470,"highway":"service"},"geometry":{"type":"LineString","coordinates":[[123.1867195,13.6281854],[123.1872699,13.6278579],[123.1874965,13.6282202]]}},{"type":"Feature","properties":{"osm_id":600129471,"highway":"service"},"geometry":{"type":"LineString","coordinates":[[123.1865615,13.6273387],[123.1856552,13.6278436]]}},{"type":"Feature","properties":{"osm_id":600129472,"highway":"residential"},"geometry":{"type":"LineString","coordinates":[[123.1876849,13.6263169],[123.1874026,13.6265038]]}},{"type":"Feature","properties":{"osm_id":600129473,"highway":"residential"},"geometry":{"type":"LineString","coordinates":[[123.189624,13.6265152],[123.1891005,13.6268074]]}},{"type":"Feature","properties":{"osm_id":600129474,"highway":"residential","name":"Hinawasan Street"},"geometry":{"type":"LineString","coordinates":[[123.1877814,13.6264756],[123.188457,13.6261034]]}},{"type":"Feature","properties":{"osm_id":600483374,"highway":"residential"},"geometry":{"type":"LineString","coordinates":[[123.189592,13.616723],[123.1888539,13.6172729]]}},{"type":"Feature","properties":{"osm_id":600483609,"highway":"residential","name":"Balimbing Street"},"geometry":{"type":"LineString","coordinates":[[123.201795,13.6285051],[123.2019979,13.6285995],[123.2022634,13.6287194],[123.2024337,13.6288094],[123.2026094,13.6289007],[123.2026912,13.6289423],[123.2027717,13.6289645],[123.2028991,13.6290179],[123.2031249,13.6291465]]}},{"type":"Feature","properties":{"osm_id":600483610,"highway":"residential"},"geometry":{"type":"LineString","coordinates":[[123.2029587,13.629437],[123.2031249,13.6291465],[123.2032082,13.629001],[123.2033886,13.6290896],[123.2034838,13.62916],[123.2036474,13.6291756],[123.2037587,13.6291704],[123.2038352,13.6292017],[123.2038566,13.6292395],[123.2038634,13.6293216],[123.2038996,13.6293281],[123.2040551,13.6292994],[123.2041946,13.6292734],[123.2042912,13.6292499],[123.2044575,13.629216]]}},{"type":"Feature","properties":{"osm_id":600501524,"highway":"service"},"geometry":{"type":"LineString","coordinates":[[123.1982773,13.6232177],[123.1983722,13.6242425],[123.1991963,13.6241225]]}},{"type":"Feature","properties":{"osm_id":600501525,"highway":"residential"},"geometry":{"type":"LineString","coordinates":[[123.1952132,13.622664],[123.1955304,13.622618]]}},{"type":"Feature","properties":{"osm_id":600501526,"highway":"residential"},"geometry":{"type":"LineString","coordinates":[[123.1958637,13.6232884],[123.1956652,13.6233132],[123.1955304,13.622618],[123.1954325,13.621841]]}},{"type":"Feature","properties":{"osm_id":600501527,"highway":"tertiary","name":"Mayon Avenue","surface":"concrete","lanes":"2","lit":"yes"},"geometry":{"type":"LineString","coordinates":[[123.1952073,13.6252639],[123.1952395,13.625489],[123.195284,13.6258487],[123.1953568,13.6262986],[123.1953789,13.6264394],[123.1953875,13.6264839]]}},{"type":"Feature","properties":{"osm_id":600509091,"highway":"residential"},"geometry":{"type":"LineString","coordinates":[[123.202645,13.6119952],[123.2027275,13.6120787],[123.202773,13.6121284],[123.2028195,13.6121691],[123.2028827,13.6121383],[123.2030036,13.6120733],[123.2031411,13.6120128],[123.2034095,13.6119024]]}},{"type":"Feature","properties":{"osm_id":600522261,"highway":"service"},"geometry":{"type":"LineString","coordinates":[[123.1764472,13.6148476],[123.1764524,13.614669]]}},{"type":"Feature","properties":{"osm_id":600522262,"highway":"service"},"geometry":{"type":"LineString","coordinates":[[123.1762835,13.6146729],[123.1762728,13.614845],[123.1764472,13.6148476]]}},{"type":"Feature","properties":{"osm_id":600522263,"highway":"service"},"geometry":{"type":"LineString","coordinates":[[123.1779304,13.6149388],[123.1783837,13.6149049],[123.1784669,13.6149258]]}},{"type":"Feature","properties":{"osm_id":600522264,"highway":"service"},"geometry":{"type":"LineString","coordinates":[[123.1784507,13.6154002],[123.1779626,13.6153924],[123.1779304,13.6149388]]}},{"type":"Feature","properties":{"osm_id":600522265,"highway":"service"},"geometry":{"type":"LineString","coordinates":[[123.1785171,13.6146045],[123.1785078,13.6148515],[123.1784669,13.6149258],[123.1784507,13.6154002],[123.1784441,13.6154667]]}},{"type":"Feature","properties":{"osm_id":600537832,"highway":"service"},"geometry":{"type":"LineString","coordinates":[[123.1982348,13.6222857],[123.1982852,13.6226711],[123.1983675,13.6232023],[123.1982773,13.6232177]]}},{"type":"Feature","properties":{"osm_id":600537834,"highway":"service"},"geometry":{"type":"LineString","coordinates":[[123.1982977,13.6210921],[123.1988087,13.6209814]]}},{"type":"Feature","properties":{"osm_id":600537835,"highway":"service","oneway":"yes"},"geometry":{"type":"LineString","coordinates":[[123.1966147,13.6189663],[123.1975085,13.6188442]]}},{"type":"Feature","properties":{"osm_id":600537837,"highway":"residential","surface":"concrete"},"geometry":{"type":"LineString","coordinates":[[123.196966,13.6200455],[123.1970093,13.6201628],[123.1972324,13.6208615]]}},{"type":"Feature","properties":{"osm_id":600540799,"highway":"residential"},"geometry":{"type":"LineString","coordinates":[[123.2028039,13.613552],[123.202596,13.6135754],[123.2023104,13.6135702],[123.2021668,13.6135552]]}},{"type":"Feature","properties":{"osm_id":600540803,"highway":"residential"},"geometry":{"type":"LineString","coordinates":[[123.2020568,13.6122159],[123.2024796,13.6122831]]}},{"type":"Feature","properties":{"osm_id":600540807,"highway":"residential"},"geometry":{"type":"LineString","coordinates":[[123.2009089,13.6125811],[123.2010272,13.6122909]]}},{"type":"Feature","properties":{"osm_id":600540810,"highway":"residential"},"geometry":{"type":"LineString","coordinates":[[123.2022392,13.613262],[123.2016137,13.6130787],[123.201073,13.6128825],[123.201016,13.612893],[123.2009143,13.6131969]]}},{"type":"Feature","properties":{"osm_id":600540817,"highway":"residential"},"geometry":{"type":"LineString","coordinates":[[123.2027992,13.6150118],[123.2026704,13.6151467],[123.2025134,13.6152644]]}},{"type":"Feature","properties":{"osm_id":600544619,"highway":"service","name":"Garcia Street","surface":"paved"},"geometry":{"type":"LineString","coordinates":[[123.1797539,13.6177256],[123.1798778,13.6180529]]}},{"type":"Feature","properties":{"osm_id":600544620,"highway":"residential"},"geometry":{"type":"LineString","coordinates":[[123.176895,13.6179769],[123.1767677,13.6177437],[123.1766618,13.617801],[123.1766256,13.6177971],[123.1766041,13.6177789],[123.176592,13.6177085],[123.1766282,13.6173201],[123.1766269,13.617152],[123.1766189,13.6169577],[123.1766054,13.6169121],[123.1765518,13.6168144],[123.1765423,13.6167893]]}},{"type":"Feature","properties":{"osm_id":600544623,"highway":"service"},"geometry":{"type":"LineString","coordinates":[[123.1800836,13.6203798],[123.1800972,13.620675]]}},{"type":"Feature","properties":{"osm_id":600544626,"highway":"service"},"geometry":{"type":"LineString","coordinates":[[123.1800182,13.6200412],[123.1800836,13.6203798]]}},{"type":"Feature","properties":{"osm_id":600544627,"highway":"service"},"geometry":{"type":"LineString","coordinates":[[123.1804766,13.6198313],[123.1800182,13.6200412],[123.1798529,13.6200951],[123.1800621,13.6206829]]}},{"type":"Feature","properties":{"osm_id":600544629,"highway":"service"},"geometry":{"type":"LineString","coordinates":[[123.1804395,13.6197071],[123.1804766,13.6198313],[123.1805167,13.6199774],[123.1806234,13.6199856],[123.1809375,13.6198893],[123.1812147,13.6197571],[123.1814216,13.6196497]]}},{"type":"Feature","properties":{"osm_id":600544632,"highway":"service","name":"Valentin Street","surface":"paved"},"geometry":{"type":"LineString","coordinates":[[123.1805482,13.6184776],[123.1805749,13.6184692]]}},{"type":"Feature","properties":{"osm_id":600544635,"highway":"service","oneway":"yes"},"geometry":{"type":"LineString","coordinates":[[123.1802543,13.6186927],[123.1802265,13.6186011]]}},{"type":"Feature","properties":{"osm_id":600544637,"highway":"service"},"geometry":{"type":"LineString","coordinates":[[123.1802543,13.6186927],[123.1803471,13.6189821]]}},{"type":"Feature","properties":{"osm_id":600544638,"highway":"service","oneway":"yes"},"geometry":{"type":"LineString","coordinates":[[123.1800907,13.61863],[123.1802265,13.6186011],[123.1804799,13.6184828],[123.1805482,13.6184776]]}},{"type":"Feature","properties":{"osm_id":600544639,"highway":"service","oneway":"yes"},"geometry":{"type":"LineString","coordinates":[[123.1805482,13.6184776],[123.180512,13.6185453],[123.1803699,13.6186535],[123.1802543,13.6186927],[123.1801192,13.6187342]]}},{"type":"Feature","properties":{"osm_id":600544640,"highway":"service"},"geometry":{"type":"LineString","coordinates":[[123.1804771,13.618909],[123.1803699,13.6186535]]}},{"type":"Feature","properties":{"osm_id":600544642,"highway":"secondary","name":"Felix Plazo Street","surface":"paved"},"geometry":{"type":"LineString","coordinates":[[123.1798906,13.6206918],[123.1800433,13.6210886],[123.1800651,13.6211644],[123.1802171,13.6216662],[123.1803353,13.6220346],[123.1804818,13.6225315],[123.1807763,13.6233107]]}},{"type":"Feature","properties":{"osm_id":600550685,"highway":"residential"},"geometry":{"type":"LineString","coordinates":[[123.1984748,13.6157704],[123.1982341,13.6158643]]}},{"type":"Feature","properties":{"osm_id":600550686,"highway":"residential","bridge":"yes"},"geometry":{"type":"LineString","coordinates":[[123.19935,13.615585],[123.1993288,13.6156939]]}},{"type":"Feature","properties":{"osm_id":600550687,"highway":"residential"},"geometry":{"type":"LineString","coordinates":[[123.1995078,13.6155636],[123.1994351,13.6155671],[123.19935,13.615585]]}},{"type":"Feature","properties":{"osm_id":600550688,"highway":"residential"},"geometry":{"type":"LineString","coordinates":[[123.2000385,13.6154888],[123.1996912,13.6158721]]}},{"type":"Feature","properties":{"osm_id":600552806,"highway":"secondary","name":"Abella Street","surface":"concrete","lanes":"2","lit":"yes"},"geometry":{"type":"LineString","coordinates":[[123.1807763,13.6233107],[123.1817769,13.6230723],[123.1837209,13.6226748]]}},{"type":"Feature","properties":{"osm_id":600552807,"highway":"residential"},"geometry":{"type":"LineString","coordinates":[[123.1757319,13.6209908],[123.1758946,13.6207455],[123.1759603,13.6206816]]}},{"type":"Feature","properties":{"osm_id":600552808,"highway":"residential"},"geometry":{"type":"LineString","coordinates":[[123.1741405,13.6229742],[123.1742705,13.6231463],[123.1744087,13.6233223],[123.1745253,13.6234422],[123.1746688,13.623549]]}},{"type":"Feature","properties":{"osm_id":600552809,"highway":"residential"},"geometry":{"type":"LineString","coordinates":[[123.1798818,13.6244736],[123.1795853,13.6247038],[123.1790164,13.6251185]]}},{"type":"Feature","properties":{"osm_id":600552810,"highway":"residential"},"geometry":{"type":"LineString","coordinates":[[123.1749612,13.6219315],[123.1748392,13.622084],[123.1743577,13.6223799],[123.1739138,13.6227005],[123.1741405,13.6229742],[123.1734444,13.6233809]]}},{"type":"Feature","properties":{"osm_id":600552812,"highway":"residential"},"geometry":{"type":"LineString","coordinates":[[123.1789416,13.6237294],[123.1789295,13.6243285]]}},{"type":"Feature","properties":{"osm_id":600552813,"highway":"residential"},"geometry":{"type":"LineString","coordinates":[[123.1755298,13.6209345],[123.1755701,13.6208289],[123.1756398,13.6207129],[123.1757672,13.6205109]]}},{"type":"Feature","properties":{"osm_id":600552814,"highway":"residential","oneway":"yes","access":"private"},"geometry":{"type":"LineString","coordinates":[[123.1780377,13.6209216],[123.1781805,13.6206803]]}},{"type":"Feature","properties":{"osm_id":600552815,"highway":"residential","oneway":"yes","access":"private"},"geometry":{"type":"LineString","coordinates":[[123.1782562,13.6211755],[123.1780377,13.6209216],[123.1778149,13.62075]]}},{"type":"Feature","properties":{"osm_id":600552816,"highway":"residential","access":"private"},"geometry":{"type":"LineString","coordinates":[[123.1779069,13.6215307],[123.177953,13.6217314]]}},{"type":"Feature","properties":{"osm_id":600552817,"highway":"residential","oneway":"yes","access":"private"},"geometry":{"type":"LineString","coordinates":[[123.1783004,13.6218497],[123.1785868,13.6216712]]}},{"type":"Feature","properties":{"osm_id":600552818,"highway":"residential","access":"private"},"geometry":{"type":"LineString","coordinates":[[123.1781064,13.622251],[123.1779315,13.6219698]]}},{"type":"Feature","properties":{"osm_id":600552819,"highway":"residential","oneway":"yes","access":"private"},"geometry":{"type":"LineString","coordinates":[[123.178363,13.6221515],[123.1786953,13.6219522]]}},{"type":"Feature","properties":{"osm_id":600552820,"highway":"residential","oneway":"yes","access":"private"},"geometry":{"type":"LineString","coordinates":[[123.1781541,13.6213829],[123.1780557,13.6213282],[123.1776511,13.6209267]]}},{"type":"Feature","properties":{"osm_id":600552821,"highway":"residential","oneway":"yes","access":"private"},"geometry":{"type":"LineString","coordinates":[[123.1779343,13.6205298],[123.1781805,13.6206803],[123.1784518,13.6207877]]}},{"type":"Feature","properties":{"osm_id":600552822,"highway":"residential","access":"private"},"geometry":{"type":"LineString","coordinates":[[123.1781541,13.6213829],[123.1780148,13.6214951],[123.1779069,13.6215307],[123.1776775,13.6215764],[123.1776413,13.6216154],[123.1776393,13.6216676],[123.1776651,13.6217874]]}},{"type":"Feature","properties":{"osm_id":600552823,"highway":"residential","oneway":"yes","access":"private"},"geometry":{"type":"LineString","coordinates":[[123.1783744,13.6210564],[123.1784209,13.6211159],[123.1785322,13.6213556],[123.1785389,13.6214221],[123.1785868,13.6216712],[123.1786953,13.6219522],[123.1787928,13.6222082],[123.1789225,13.6224401],[123.179125,13.6226552],[123.1793734,13.6226761]]}},{"type":"Feature","properties":{"osm_id":600552824,"highway":"residential","oneway":"yes","access":"private"},"geometry":{"type":"LineString","coordinates":[[123.1788045,13.6228455],[123.179125,13.6226552]]}},{"type":"Feature","properties":{"osm_id":600552825,"highway":"residential","oneway":"yes","access":"private"},"geometry":{"type":"LineString","coordinates":[[123.1789634,13.6230729],[123.1792001,13.622934],[123.1793597,13.6229416]]}},{"type":"Feature","properties":{"osm_id":600552826,"highway":"residential","oneway":"yes","access":"private"},"geometry":{"type":"LineString","coordinates":[[123.1791891,13.6234364],[123.1789634,13.6230729],[123.1788045,13.6228455],[123.178363,13.6221515],[123.1783255,13.6220562],[123.1783004,13.6218497],[123.1782341,13.6216151],[123.1781929,13.6214568],[123.1781541,13.6213829]]}},{"type":"Feature","properties":{"osm_id":600552827,"highway":"residential","oneway":"yes","access":"private"},"geometry":{"type":"LineString","coordinates":[[123.1793734,13.6226761],[123.1793597,13.6229416],[123.1793281,13.62337]]}},{"type":"Feature","properties":{"osm_id":600552828,"highway":"residential"},"geometry":{"type":"LineString","coordinates":[[123.1766949,13.6231784],[123.176474,13.6234135],[123.1762406,13.6236611],[123.1760985,13.6238527],[123.1759979,13.6239309]]}},{"type":"Feature","properties":{"osm_id":600552829,"highway":"residential"},"geometry":{"type":"LineString","coordinates":[[123.1757839,13.6225217],[123.1755982,13.6227136],[123.1754293,13.62287],[123.1750712,13.6232167],[123.1750524,13.6233262],[123.174803,13.6236338],[123.1745602,13.6238931],[123.1740975,13.6243206],[123.1740037,13.6243702]]}},{"type":"Feature","properties":{"osm_id":600552830,"highway":"residential"},"geometry":{"type":"LineString","coordinates":[[123.1748589,13.6218587],[123.1749451,13.6217087],[123.1750792,13.6214975],[123.1753756,13.6217139],[123.1757243,13.6219915]]}},{"type":"Feature","properties":{"osm_id":600552831,"highway":"residential"},"geometry":{"type":"LineString","coordinates":[[123.1765196,13.6214024],[123.1764029,13.6215184],[123.1763573,13.6215718],[123.1762715,13.6216813],[123.1763734,13.6218546]]}},{"type":"Feature","properties":{"osm_id":600552832,"highway":"residential"},"geometry":{"type":"LineString","coordinates":[[123.1763557,13.6211944],[123.1765196,13.6214024],[123.1765786,13.6214949],[123.1767757,13.6216943],[123.1768924,13.6215927],[123.1769865,13.6214724]]}},{"type":"Feature","properties":{"osm_id":600552833,"highway":"residential"},"geometry":{"type":"LineString","coordinates":[[123.1769559,13.6214561],[123.1771043,13.6213372],[123.1773081,13.6211665],[123.1772585,13.6210583]]}},{"type":"Feature","properties":{"osm_id":600552834,"highway":"residential"},"geometry":{"type":"LineString","coordinates":[[123.1765831,13.6212774],[123.1769112,13.6207416]]}},{"type":"Feature","properties":{"osm_id":600552835,"highway":"residential"},"geometry":{"type":"LineString","coordinates":[[123.1767663,13.6213555],[123.1770064,13.6209449]]}},{"type":"Feature","properties":{"osm_id":600552836,"highway":"residential"},"geometry":{"type":"LineString","coordinates":[[123.1764263,13.6212209],[123.1767449,13.6206666],[123.1767851,13.6206177],[123.1768401,13.6205421]]}},{"type":"Feature","properties":{"osm_id":600554927,"highway":"service"},"geometry":{"type":"LineString","coordinates":[[123.2006633,13.6202364],[123.2003483,13.6203688]]}},{"type":"Feature","properties":{"osm_id":600554928,"highway":"service"},"geometry":{"type":"LineString","coordinates":[[123.2029675,13.6203232],[123.2025857,13.620878]]}},{"type":"Feature","properties":{"osm_id":600554930,"highway":"residential"},"geometry":{"type":"LineString","coordinates":[[123.2018235,13.6198917],[123.2016344,13.6199871],[123.2014042,13.6201047],[123.2011101,13.6202541],[123.200746,13.6204133]]}},{"type":"Feature","properties":{"osm_id":600554931,"highway":"residential"},"geometry":{"type":"LineString","coordinates":[[123.2036148,13.6209404],[123.2036152,13.6204079],[123.2036394,13.6199647],[123.2035133,13.6197927],[123.203162,13.6196415],[123.2029581,13.6197979]]}},{"type":"Feature","properties":{"osm_id":600601577,"highway":"residential"},"geometry":{"type":"LineString","coordinates":[[123.2030474,13.6299203],[123.2028012,13.629839],[123.2027221,13.6298403],[123.2026309,13.6298051],[123.2023948,13.6297543],[123.2021816,13.6297061],[123.2021186,13.6296722]]}},{"type":"Feature","properties":{"osm_id":600601717,"highway":"tertiary","lit":"yes"},"geometry":{"type":"LineString","coordinates":[[123.1785677,13.6263632],[123.1783519,13.6259644],[123.1781591,13.625613],[123.1780442,13.625398],[123.1780271,13.6253615]]}},{"type":"Feature","properties":{"osm_id":600601718,"highway":"tertiary","lit":"yes"},"geometry":{"type":"LineString","coordinates":[[123.1785677,13.6263632],[123.1786802,13.6267671],[123.1787338,13.6269535],[123.1787707,13.6271185],[123.1788263,13.6273418],[123.1788382,13.6273783],[123.1789,13.6275672],[123.1789447,13.6276724],[123.1790573,13.6279376]]}},{"type":"Feature","properties":{"osm_id":600601720,"highway":"residential"},"geometry":{"type":"LineString","coordinates":[[123.1754286,13.6275673],[123.1752689,13.6278331]]}},{"type":"Feature","properties":{"osm_id":600601721,"highway":"residential"},"geometry":{"type":"LineString","coordinates":[[123.1764297,13.6280167],[123.176313,13.6281473],[123.1754286,13.6275673],[123.1749022,13.6272349],[123.1745374,13.6268909],[123.1740171,13.6264581],[123.1737113,13.6261662],[123.1738736,13.6258977],[123.1739151,13.6255823],[123.1739366,13.6252903],[123.173942,13.6244562],[123.1740037,13.6243702]]}},{"type":"Feature","properties":{"osm_id":600601722,"highway":"residential"},"geometry":{"type":"LineString","coordinates":[[123.1767965,13.6263222],[123.1768206,13.6263985]]}},{"type":"Feature","properties":{"osm_id":600609944,"highway":"service"},"geometry":{"type":"LineString","coordinates":[[123.1847249,13.6295876],[123.1846507,13.6294324]]}},{"type":"Feature","properties":{"osm_id":600609951,"highway":"residential"},"geometry":{"type":"LineString","coordinates":[[123.1830546,13.6299422],[123.1824473,13.6301427]]}},{"type":"Feature","properties":{"osm_id":600619633,"highway":"residential"},"geometry":{"type":"LineString","coordinates":[[123.1830302,13.6261487],[123.1834142,13.62577]]}},{"type":"Feature","properties":{"osm_id":600619635,"highway":"residential"},"geometry":{"type":"LineString","coordinates":[[123.1832368,13.6290712],[123.1836221,13.628909],[123.1837239,13.6292682]]}},{"type":"Feature","properties":{"osm_id":600619637,"highway":"service"},"geometry":{"type":"LineString","coordinates":[[123.1821099,13.6257145],[123.1821308,13.6264321]]}},{"type":"Feature","properties":{"osm_id":600619639,"highway":"residential"},"geometry":{"type":"LineString","coordinates":[[123.1850086,13.6288037],[123.1847016,13.6289749]]}},{"type":"Feature","properties":{"osm_id":600619641,"highway":"residential"},"geometry":{"type":"LineString","coordinates":[[123.181431,13.6266538],[123.1815608,13.6268179],[123.1816131,13.626913],[123.1815889,13.6270095],[123.1815071,13.6271059],[123.1814401,13.6271815],[123.1813677,13.6272362],[123.1812523,13.627278],[123.1810941,13.6272675],[123.1810082,13.6272402]]}},{"type":"Feature","properties":{"osm_id":600641877,"highway":"residential"},"geometry":{"type":"LineString","coordinates":[[123.1791301,13.6305602],[123.1794874,13.6303187],[123.1795924,13.6302351]]}},{"type":"Feature","properties":{"osm_id":600641882,"highway":"residential"},"geometry":{"type":"LineString","coordinates":[[123.1797921,13.6301018],[123.1795924,13.6302351]]}},{"type":"Feature","properties":{"osm_id":600641884,"highway":"residential"},"geometry":{"type":"LineString","coordinates":[[123.179635,13.6304203],[123.1795987,13.6302535],[123.1795924,13.6302351],[123.1795304,13.6300567],[123.1794375,13.6297924]]}},{"type":"Feature","properties":{"osm_id":600641885,"highway":"residential"},"geometry":{"type":"LineString","coordinates":[[123.1795304,13.6300567],[123.1793775,13.6301818],[123.1790476,13.6304155]]}},{"type":"Feature","properties":{"osm_id":601421836,"highway":"service"},"geometry":{"type":"LineString","coordinates":[[123.2023298,13.617414],[123.2025216,13.6177249],[123.2025511,13.6177607],[123.2026027,13.6178115]]}},{"type":"Feature","properties":{"osm_id":601425822,"highway":"service"},"geometry":{"type":"LineString","coordinates":[[123.1997851,13.6185923],[123.19953,13.6190429]]}},{"type":"Feature","properties":{"osm_id":601425823,"highway":"service"},"geometry":{"type":"LineString","coordinates":[[123.1959039,13.6169524],[123.1956746,13.6173488],[123.1957926,13.6174192]]}},{"type":"Feature","properties":{"osm_id":601425824,"highway":"service"},"geometry":{"type":"LineString","coordinates":[[123.1967002,13.6174162],[123.1965262,13.6177073],[123.195865,13.6177998]]}},{"type":"Feature","properties":{"osm_id":601425825,"highway":"service"},"geometry":{"type":"LineString","coordinates":[[123.1969942,13.6178611],[123.197058,13.6182626]]}},{"type":"Feature","properties":{"osm_id":601437260,"highway":"service"},"geometry":{"type":"LineString","coordinates":[[123.181439,13.6169854],[123.1811625,13.6171416]]}},{"type":"Feature","properties":{"osm_id":601444718,"highway":"tertiary","name":"Juan Miranda Avenue","surface":"paved","oneway":"no"},"geometry":{"type":"LineString","coordinates":[[123.1972499,13.6291608],[123.1973449,13.6290395]]}},{"type":"Feature","properties":{"osm_id":601444719,"highway":"tertiary","name":"Kayanga Road","surface":"concrete","lit":"yes"},"geometry":{"type":"LineString","coordinates":[[123.1977902,13.6291642],[123.1974354,13.6291591]]}},{"type":"Feature","properties":{"osm_id":601444720,"highway":"tertiary","oneway":"yes"},"geometry":{"type":"LineString","coordinates":[[123.1973449,13.6290395],[123.1974354,13.6291591]]}},{"type":"Feature","properties":{"osm_id":602375866,"highway":"service"},"geometry":{"type":"LineString","coordinates":[[123.1964827,13.6179879],[123.196561,13.6180307],[123.1966418,13.6180441],[123.1967227,13.6180317],[123.1967953,13.6179948],[123.1968737,13.6179344]]}},{"type":"Feature","properties":{"osm_id":602377751,"highway":"service"},"geometry":{"type":"LineString","coordinates":[[123.1919235,13.6157076],[123.1919714,13.6159145]]}},{"type":"Feature","properties":{"osm_id":602377752,"highway":"service"},"geometry":{"type":"LineString","coordinates":[[123.1918386,13.6154177],[123.1919235,13.6157076]]}},{"type":"Feature","properties":{"osm_id":602377753,"highway":"service"},"geometry":{"type":"LineString","coordinates":[[123.1919963,13.6153687],[123.1918386,13.6154177]]}},{"type":"Feature","properties":{"osm_id":602377754,"highway":"service"},"geometry":{"type":"LineString","coordinates":[[123.1919714,13.6159145],[123.192271,13.615874]]}},{"type":"Feature","properties":{"osm_id":607054765,"highway":"residential","access":"private"},"geometry":{"type":"LineString","coordinates":[[123.1781609,13.6218323],[123.1783255,13.6220562]]}},{"type":"Feature","properties":{"osm_id":607054766,"highway":"residential","oneway":"yes","access":"private"},"geometry":{"type":"LineString","coordinates":[[123.1776511,13.6209267],[123.1778149,13.62075],[123.1779343,13.6205298]]}},{"type":"Feature","properties":{"osm_id":607054767,"highway":"residential","oneway":"yes","access":"private"},"geometry":{"type":"LineString","coordinates":[[123.1781541,13.6213829],[123.1782562,13.6211755],[123.1783744,13.6210564]]}},{"type":"Feature","properties":{"osm_id":618132753,"highway":"trunk","name":"Mabolo Road","ref":"1","surface":"paved","lanes":"1","oneway":"yes","lit":"yes"},"geometry":{"type":"LineString","coordinates":[[123.1842117,13.6164033],[123.1841824,13.6163796],[123.184086,13.616304],[123.1840563,13.6162753],[123.183982,13.6162061],[123.1838916,13.6160827],[123.1838225,13.6159351]]}},{"type":"Feature","properties":{"osm_id":618132757,"highway":"secondary","lanes":"1","oneway":"yes"},"geometry":{"type":"LineString","coordinates":[[123.1840276,13.616536],[123.1839648,13.61657],[123.1838892,13.6166001],[123.1838076,13.6166367],[123.1837552,13.6166577]]}},{"type":"Feature","properties":{"osm_id":619023137,"highway":"residential"},"geometry":{"type":"LineString","coordinates":[[123.1868336,13.620433],[123.1871271,13.6209613]]}},{"type":"Feature","properties":{"osm_id":619023141,"highway":"residential"},"geometry":{"type":"LineString","coordinates":[[123.1871271,13.6209613],[123.1873306,13.6213035],[123.1874896,13.6214724]]}},{"type":"Feature","properties":{"osm_id":619023151,"highway":"residential"},"geometry":{"type":"LineString","coordinates":[[123.1865376,13.6198976],[123.1868336,13.620433]]}},{"type":"Feature","properties":{"osm_id":641208794,"highway":"service"},"geometry":{"type":"LineString","coordinates":[[123.1962367,13.6170179],[123.1961839,13.6171147]]}},{"type":"Feature","properties":{"osm_id":641208796,"highway":"service"},"geometry":{"type":"LineString","coordinates":[[123.1963317,13.6168508],[123.1962367,13.6170179]]}},{"type":"Feature","properties":{"osm_id":641208798,"highway":"service"},"geometry":{"type":"LineString","coordinates":[[123.1953771,13.616299],[123.1954198,13.6161929]]}},{"type":"Feature","properties":{"osm_id":641208800,"highway":"service"},"geometry":{"type":"LineString","coordinates":[[123.1952866,13.6164684],[123.1953771,13.616299]]}},{"type":"Feature","properties":{"osm_id":641208803,"highway":"service"},"geometry":{"type":"LineString","coordinates":[[123.196384,13.6167193],[123.1963317,13.6168508]]}},{"type":"Feature","properties":{"osm_id":641208805,"highway":"service"},"geometry":{"type":"LineString","coordinates":[[123.1954198,13.6161929],[123.196384,13.6167193]]}},{"type":"Feature","properties":{"osm_id":641208807,"highway":"service"},"geometry":{"type":"LineString","coordinates":[[123.1952351,13.6165729],[123.1952866,13.6164684]]}},{"type":"Feature","properties":{"osm_id":645161232,"highway":"residential"},"geometry":{"type":"LineString","coordinates":[[123.1806368,13.6256136],[123.1813117,13.6258251],[123.1814446,13.6254896]]}},{"type":"Feature","properties":{"osm_id":652832606,"highway":"service","name":"SM City Naga Road","oneway":"yes"},"geometry":{"type":"LineString","coordinates":[[123.1898047,13.6221209],[123.1897791,13.6219732],[123.1896865,13.6213463],[123.1894706,13.6205695],[123.189448,13.6204664]]}},{"type":"Feature","properties":{"osm_id":653446935,"highway":"service"},"geometry":{"type":"LineString","coordinates":[[123.191704,13.6142683],[123.1916412,13.6141072],[123.1924292,13.6137755],[123.1925005,13.6139592]]}},{"type":"Feature","properties":{"osm_id":700454447,"highway":"busway","surface":"concrete","lanes":"1","oneway":"yes"},"geometry":{"type":"LineString","coordinates":[[123.1895208,13.6193575],[123.1893521,13.618762]]}},{"type":"Feature","properties":{"osm_id":700454448,"highway":"tertiary","name":"Boning Sia Sr. Street","surface":"asphalt","lit":"yes"},"geometry":{"type":"LineString","coordinates":[[123.1900231,13.6185684],[123.1893521,13.618762]]}},{"type":"Feature","properties":{"osm_id":700454449,"highway":"trunk","name":"Roxas Avenue","ref":"1","surface":"paved","lanes":"2","lit":"yes"},"geometry":{"type":"LineString","coordinates":[[123.184743,13.6165746],[123.184942,13.6166243],[123.1850883,13.6166449],[123.185227,13.6166584],[123.1853939,13.616657],[123.1857545,13.6166166],[123.1860692,13.6165708],[123.1861088,13.616565],[123.1863633,13.616528],[123.1876125,13.6163461]]}},{"type":"Feature","properties":{"osm_id":721779676,"highway":"primary","name":"Maharlika Highway","ref":"1","lanes":"1","oneway":"yes","lit":"yes"},"geometry":{"type":"LineString","coordinates":[[123.2010702,13.6208854],[123.2011164,13.620909]]}},{"type":"Feature","properties":{"osm_id":721779677,"highway":"primary","name":"Maharlika Highway","ref":"1","surface":"asphalt","lanes":"1","oneway":"yes","lit":"yes"},"geometry":{"type":"LineString","coordinates":[[123.2018996,13.6209316],[123.2015216,13.6210117],[123.2013678,13.621043],[123.2012701,13.6210759],[123.2011613,13.6211086]]}},{"type":"Feature","properties":{"osm_id":721779678,"highway":"primary","name":"Roxas Avenue","ref":"1","lanes":"1","oneway":"yes","lit":"yes"},"geometry":{"type":"LineString","coordinates":[[123.2008496,13.6206431],[123.2009371,13.6207277],[123.201005,13.6208103],[123.2010702,13.6208854]]}},{"type":"Feature","properties":{"osm_id":721779873,"highway":"secondary","name":"Magsaysay Avenue","lanes":"1","oneway":"yes"},"geometry":{"type":"LineString","coordinates":[[123.2010268,13.6219042],[123.2009874,13.621752],[123.200981,13.6215655],[123.2009804,13.6214235],[123.2009565,13.6212656],[123.2009273,13.6211632]]}},{"type":"Feature","properties":{"osm_id":721779874,"highway":"secondary","name":"Panganiban Drive","lanes":"1","oneway":"yes","lit":"yes"},"geometry":{"type":"LineString","coordinates":[[123.2005021,13.6211267],[123.2006206,13.621091],[123.2007192,13.6210605],[123.2007935,13.6210238],[123.2008683,13.6209786]]}},{"type":"Feature","properties":{"osm_id":724187421,"highway":"tertiary","name":"Arana Street","surface":"paved","oneway":"yes","lit":"yes"},"geometry":{"type":"LineString","coordinates":[[123.1859231,13.6248803],[123.1853773,13.6252974]]}},{"type":"Feature","properties":{"osm_id":724187422,"highway":"secondary","name":"Elias Angeles Street","surface":"asphalt","lit":"yes"},"geometry":{"type":"LineString","coordinates":[[123.1877247,13.6282671],[123.1875958,13.6280162],[123.1873883,13.6276439],[123.1873152,13.6275191],[123.1870332,13.627036]]}},{"type":"Feature","properties":{"osm_id":724187423,"highway":"tertiary","name":"General Luna Street","surface":"paved","oneway":"yes","lit":"yes"},"geometry":{"type":"LineString","coordinates":[[123.1853773,13.6252974],[123.1853776,13.6257528]]}},{"type":"Feature","properties":{"osm_id":724187424,"highway":"tertiary","name":"Arana Street","surface":"paved","oneway":"yes","lit":"yes"},"geometry":{"type":"LineString","coordinates":[[123.1853773,13.6252974],[123.1851285,13.6254855],[123.1846299,13.6258668]]}},{"type":"Feature","properties":{"osm_id":755073153,"highway":"secondary","name":"General Luna Street","surface":"asphalt","lanes":"2","oneway":"yes","lit":"yes"},"geometry":{"type":"LineString","coordinates":[[123.1841194,13.6212343],[123.1842842,13.6220819]]}},{"type":"Feature","properties":{"osm_id":760083144,"highway":"trunk","name":"Mabolo Road","ref":"1","lanes":"1","oneway":"yes","lit":"yes"},"geometry":{"type":"LineString","coordinates":[[123.1838225,13.6159351],[123.1839538,13.6160434],[123.184048,13.6161665],[123.1841319,13.6162585],[123.1842202,13.6163448]]}},{"type":"Feature","properties":{"osm_id":760083145,"highway":"primary","name":"Maharlika Highway","ref":"1","surface":"asphalt","lanes":"2","lit":"yes"},"geometry":{"type":"LineString","coordinates":[[123.2023793,13.6208833],[123.2025857,13.620878]]}},{"type":"Feature","properties":{"osm_id":760083146,"highway":"primary","name":"Maharlika Highway","ref":"1","surface":"asphalt","lanes":"2","lit":"yes"},"geometry":{"type":"LineString","coordinates":[[123.2025857,13.620878],[123.2029146,13.6208975],[123.2034739,13.6209295],[123.2036148,13.6209404]]}},{"type":"Feature","properties":{"osm_id":760083147,"highway":"primary","name":"Maharlika Highway","ref":"1","surface":"asphalt","lanes":"2","lit":"yes"},"geometry":{"type":"LineString","coordinates":[[123.2018996,13.6209316],[123.2020354,13.6209108],[123.2022499,13.6208887],[123.2023793,13.6208833]]}},{"type":"Feature","properties":{"osm_id":760083150,"highway":"tertiary","name":"Sen. Raul S. Roco Street","surface":"concrete","lanes":"2","oneway":"yes","lit":"yes"},"geometry":{"type":"LineString","coordinates":[[123.1905673,13.6159103],[123.1906189,13.6163402],[123.1906412,13.6165759],[123.190695,13.6170608],[123.1907487,13.617542],[123.1908184,13.6181661],[123.1908288,13.6183255]]}},{"type":"Feature","properties":{"osm_id":760083151,"highway":"trunk","name":"Roxas Avenue","ref":"1","surface":"paved","lanes":"2","lit":"yes"},"geometry":{"type":"LineString","coordinates":[[123.1904987,13.6159196],[123.1905673,13.6159103]]}},{"type":"Feature","properties":{"osm_id":760083152,"highway":"trunk","name":"Roxas Avenue","ref":"1","surface":"asphalt","lanes":"2","lit":"yes"},"geometry":{"type":"LineString","coordinates":[[123.1876125,13.6163461],[123.1878026,13.6163184],[123.1879609,13.6162954],[123.188067,13.6162801],[123.1885514,13.6162095],[123.1886698,13.6161927],[123.1890608,13.6161314],[123.1894875,13.6160694],[123.1896103,13.6160517],[123.1898197,13.6160175],[123.1899001,13.6160075],[123.1899992,13.6159951],[123.1903854,13.6159361],[123.1904987,13.6159196]]}},{"type":"Feature","properties":{"osm_id":763589712,"highway":"tertiary","name":"Boning Sia Sr. Street","surface":"asphalt","lit":"yes"},"geometry":{"type":"LineString","coordinates":[[123.1893521,13.618762],[123.1890958,13.6188372],[123.1888745,13.6189021]]}},{"type":"Feature","properties":{"osm_id":763589722,"highway":"primary","name":"Naga Rotonda","ref":"1","lanes":"1","oneway":"yes","lit":"yes"},"geometry":{"type":"LineString","coordinates":[[123.2009045,13.6209238],[123.2009401,13.6208975],[123.2009817,13.6208817],[123.2010262,13.6208775],[123.2010702,13.6208854]]}},{"type":"Feature","properties":{"osm_id":763589723,"highway":"primary","name":"Naga Rotonda","ref":"1","lanes":"1","oneway":"yes","lit":"yes"},"geometry":{"type":"LineString","coordinates":[[123.2011164,13.620909],[123.2011525,13.6209458],[123.2011721,13.620984],[123.2011804,13.621026],[123.2011767,13.6210686],[123.2011613,13.6211086]]}},{"type":"Feature","properties":{"osm_id":767876204,"highway":"tertiary","name":"Boning Sia Sr. Street","surface":"asphalt","lit":"yes"},"geometry":{"type":"LineString","coordinates":[[123.1908288,13.6183255],[123.1907329,13.618347]]}},{"type":"Feature","properties":{"osm_id":767876205,"highway":"tertiary","name":"Boning Sia Sr. Street","surface":"asphalt","lit":"yes"},"geometry":{"type":"LineString","coordinates":[[123.1920987,13.6181548],[123.1917253,13.6182069],[123.1908288,13.6183255]]}},{"type":"Feature","properties":{"osm_id":767876206,"highway":"trunk","name":"Roxas Avenue","ref":"1","surface":"asphalt","lanes":"2","lit":"yes"},"geometry":{"type":"LineString","coordinates":[[123.1905673,13.6159103],[123.1909256,13.6158604],[123.1910188,13.6158483]]}},{"type":"Feature","properties":{"osm_id":793411605,"highway":"primary","name":"Naga Rotonda","ref":"1","lanes":"1","oneway":"yes","lit":"yes"},"geometry":{"type":"LineString","coordinates":[[123.2008683,13.6209786],[123.2008835,13.6209494],[123.2009045,13.6209238]]}},{"type":"Feature","properties":{"osm_id":793413520,"highway":"primary","name":"Naga Rotonda","ref":"1","lanes":"1","oneway":"yes","lit":"yes"},"geometry":{"type":"LineString","coordinates":[[123.2009,13.6211401],[123.2008749,13.6211045],[123.2008607,13.6210637],[123.2008584,13.6210206],[123.2008683,13.6209786]]}},{"type":"Feature","properties":{"osm_id":793415170,"highway":"service","name":"SM City Naga Road"},"geometry":{"type":"LineString","coordinates":[[123.1896182,13.6221446],[123.1898047,13.6221209]]}},{"type":"Feature","properties":{"osm_id":798633360,"highway":"secondary","lanes":"1","oneway":"yes"},"geometry":{"type":"LineString","coordinates":[[123.1842521,13.6163687],[123.1842117,13.6164033],[123.184129,13.6164742],[123.1840276,13.616536]]}},{"type":"Feature","properties":{"osm_id":798633361,"highway":"trunk","name":"Roxas Avenue","ref":"1","surface":"paved","lanes":"1","oneway":"yes","lit":"yes"},"geometry":{"type":"LineString","coordinates":[[123.184481,13.616516],[123.1843035,13.6164586],[123.1842117,13.6164033]]}},{"type":"Feature","properties":{"osm_id":833125843,"highway":"service","name":"Robinsons Place Naga Road"},"geometry":{"type":"LineString","coordinates":[[123.1932083,13.6154054],[123.1932523,13.6153861],[123.1933478,13.6153533]]}},{"type":"Feature","properties":{"osm_id":833125844,"highway":"service","name":"Robinsons Place Naga Road"},"geometry":{"type":"LineString","coordinates":[[123.1933478,13.6153533],[123.1934165,13.6152968],[123.1934819,13.6152536],[123.1935643,13.6150711],[123.1935751,13.6149942],[123.1935861,13.6149456]]}},{"type":"Feature","properties":{"osm_id":836685800,"highway":"secondary","name":"Panganiban Drive","surface":"asphalt","lanes":"2","lit":"yes"},"geometry":{"type":"LineString","coordinates":[[123.1940939,13.622033],[123.1947076,13.6219479],[123.1954325,13.621841],[123.1959078,13.6217772]]}},{"type":"Feature","properties":{"osm_id":836685801,"highway":"tertiary","name":"Sampaguita Street","surface":"paved","lit":"yes"},"geometry":{"type":"LineString","coordinates":[[123.1958396,13.6212039],[123.1953522,13.6200401],[123.1949046,13.6190308]]}},{"type":"Feature","properties":{"osm_id":836685802,"highway":"residential","name":"Azucena Street","surface":"paved"},"geometry":{"type":"LineString","coordinates":[[123.194959,13.621366],[123.1953609,13.6212884],[123.1958396,13.6212039]]}},{"type":"Feature","properties":{"osm_id":836685803,"highway":"residential","name":"B Street"},"geometry":{"type":"LineString","coordinates":[[123.1940187,13.6193384],[123.1940635,13.6194292]]}},{"type":"Feature","properties":{"osm_id":836685804,"highway":"residential","name":"Seton Road"},"geometry":{"type":"LineString","coordinates":[[123.1936806,13.6195855],[123.193702,13.6197001]]}},{"type":"Feature","properties":{"osm_id":836685805,"highway":"secondary","name":"Panganiban Drive","surface":"asphalt","lanes":"2","lit":"yes"},"geometry":{"type":"LineString","coordinates":[[123.1897811,13.6226451],[123.1898794,13.6226393],[123.190417,13.6225305],[123.1914532,13.6223958],[123.1921186,13.6223045],[123.1927984,13.6222193],[123.1935399,13.6221127],[123.1940939,13.622033]]}},{"type":"Feature","properties":{"osm_id":836685806,"highway":"service","oneway":"yes"},"geometry":{"type":"LineString","coordinates":[[123.1937755,13.6196453],[123.1938973,13.6195538],[123.1940024,13.6194805]]}},{"type":"Feature","properties":{"osm_id":836685808,"highway":"service","name":"SM City Naga Road","oneway":"yes"},"geometry":{"type":"LineString","coordinates":[[123.1911051,13.6200333],[123.1913984,13.6218797]]}},{"type":"Feature","properties":{"osm_id":836685809,"highway":"service","name":"SM City Naga Road"},"geometry":{"type":"LineString","coordinates":[[123.1911051,13.6200333],[123.1910791,13.6198865]]}},{"type":"Feature","properties":{"osm_id":838882824,"highway":"tertiary","name":"Arana Street","surface":"paved","lit":"yes"},"geometry":{"type":"LineString","coordinates":[[123.1846299,13.6258668],[123.1842876,13.6259603],[123.1839328,13.6259835]]}},{"type":"Feature","properties":{"osm_id":838885129,"highway":"tertiary","name":"Santa Cruz Street","surface":"paved","lanes":"2","lit":"yes"},"geometry":{"type":"LineString","coordinates":[[123.1863295,13.6270195],[123.1855945,13.6274745]]}},{"type":"Feature","properties":{"osm_id":838886530,"highway":"tertiary","name":"J. Hernandez Avenue","surface":"asphalt","lit":"yes"},"geometry":{"type":"LineString","coordinates":[[123.1842339,13.6246709],[123.1842838,13.6248855],[123.1845465,13.6256791],[123.1846299,13.6258668],[123.1850398,13.6265196],[123.1850688,13.6265697],[123.185376,13.627093],[123.1855945,13.6274745]]}},{"type":"Feature","properties":{"osm_id":838916319,"highway":"secondary","name":"Peñafrancia Avenue","surface":"asphalt","lanes":"2","oneway":"yes"},"geometry":{"type":"LineString","coordinates":[[123.1858935,13.6231623],[123.185922,13.6240529],[123.1859378,13.6241519]]}},{"type":"Feature","properties":{"osm_id":838919067,"highway":"residential","name":"P. Diaz Street","surface":"concrete"},"geometry":{"type":"LineString","coordinates":[[123.1850398,13.6265196],[123.1844796,13.6269074],[123.184096,13.6271668]]}},{"type":"Feature","properties":{"osm_id":838919068,"highway":"residential","name":"P. Diaz Street","surface":"concrete"},"geometry":{"type":"LineString","coordinates":[[123.1856794,13.626139],[123.1850688,13.6265697]]}},{"type":"Feature","properties":{"osm_id":838919069,"highway":"tertiary","name":"Barlin Street","surface":"concrete","lit":"yes"},"geometry":{"type":"LineString","coordinates":[[123.1865615,13.6273387],[123.1863295,13.6270195],[123.1860636,13.6266545],[123.1856794,13.626139],[123.1853776,13.6257528]]}},{"type":"Feature","properties":{"osm_id":838919378,"highway":"residential","name":"Dimasalang Street","surface":"concrete","lanes":"2","oneway":"yes"},"geometry":{"type":"LineString","coordinates":[[123.1860636,13.6266545],[123.1866458,13.6262709]]}},{"type":"Feature","properties":{"osm_id":838919379,"highway":"residential","name":"Dimasalang Street","surface":"concrete"},"geometry":{"type":"LineString","coordinates":[[123.1878528,13.625522],[123.1873414,13.6258137],[123.1866458,13.6262709]]}},{"type":"Feature","properties":{"osm_id":838921543,"highway":"residential","name":"Plaridel Street","surface":"concrete","lanes":"2"},"geometry":{"type":"LineString","coordinates":[[123.1837883,13.6192508],[123.1834183,13.6193384]]}},{"type":"Feature","properties":{"osm_id":838924065,"highway":"unclassified","surface":"concrete"},"geometry":{"type":"LineString","coordinates":[[123.1840127,13.62021],[123.1841218,13.6202278]]}},{"type":"Feature","properties":{"osm_id":838924066,"highway":"unclassified","surface":"concrete"},"geometry":{"type":"LineString","coordinates":[[123.1839034,13.6201941],[123.1840127,13.62021]]}},{"type":"Feature","properties":{"osm_id":838924067,"highway":"unclassified","surface":"concrete"},"geometry":{"type":"LineString","coordinates":[[123.1838585,13.6201829],[123.183922,13.6204329],[123.1839448,13.6206237]]}},{"type":"Feature","properties":{"osm_id":838924068,"highway":"tertiary","name":"Zamora Street","surface":"concrete","lanes":"2","oneway":"yes","lit":"yes"},"geometry":{"type":"LineString","coordinates":[[123.1832007,13.6205862],[123.183272,13.6205955]]}},{"type":"Feature","properties":{"osm_id":838924069,"highway":"tertiary","name":"Zamora Street","surface":"concrete","lanes":"2","oneway":"yes","lit":"yes"},"geometry":{"type":"LineString","coordinates":[[123.1839018,13.6206206],[123.1839448,13.6206237],[123.1840117,13.6206264]]}},{"type":"Feature","properties":{"osm_id":838924070,"highway":"tertiary","name":"Zamora Street","surface":"concrete","lanes":"2","oneway":"yes","tunnel":"building_passage","lit":"yes"},"geometry":{"type":"LineString","coordinates":[[123.183272,13.6205955],[123.1835624,13.620609],[123.1839018,13.6206206]]}},{"type":"Feature","properties":{"osm_id":838924071,"highway":"secondary","name":"Abella Street","surface":"asphalt","lanes":"2","oneway":"yes","lit":"yes"},"geometry":{"type":"LineString","coordinates":[[123.1843738,13.6225587],[123.1837209,13.6226748]]}},{"type":"Feature","properties":{"osm_id":838928059,"highway":"service"},"geometry":{"type":"LineString","coordinates":[[123.1980584,13.6247422],[123.1980725,13.6247709],[123.1981073,13.6247832]]}},{"type":"Feature","properties":{"osm_id":838928060,"highway":"service"},"geometry":{"type":"LineString","coordinates":[[123.1981073,13.6247832],[123.1984059,13.6247442]]}},{"type":"Feature","properties":{"osm_id":838928062,"highway":"service"},"geometry":{"type":"LineString","coordinates":[[123.1983864,13.6245891],[123.1984059,13.6247442],[123.1984424,13.6248861],[123.1984775,13.6250675]]}},{"type":"Feature","properties":{"osm_id":838928068,"highway":"service"},"geometry":{"type":"LineString","coordinates":[[123.1980173,13.6232543],[123.1982773,13.6232177]]}},{"type":"Feature","properties":{"osm_id":838928071,"highway":"service"},"geometry":{"type":"LineString","coordinates":[[123.1979268,13.6216721],[123.1990233,13.6215014],[123.1990032,13.6213531]]}},{"type":"Feature","properties":{"osm_id":838928072,"highway":"service"},"geometry":{"type":"LineString","coordinates":[[123.1979987,13.6221218],[123.1979268,13.6216721],[123.1979069,13.6214923]]}},{"type":"Feature","properties":{"osm_id":839260824,"highway":"service"},"geometry":{"type":"LineString","coordinates":[[123.1800972,13.620675],[123.180716,13.6206732],[123.1809753,13.6205626],[123.1813749,13.6203864],[123.1816838,13.6202503]]}},{"type":"Feature","properties":{"osm_id":894588264,"highway":"residential"},"geometry":{"type":"LineString","coordinates":[[123.1733101,13.6162403],[123.173257,13.6158419],[123.1731217,13.614793]]}},{"type":"Feature","properties":{"osm_id":902581872,"highway":"service"},"geometry":{"type":"LineString","coordinates":[[123.1901157,13.6262196],[123.1898284,13.6257912]]}},{"type":"Feature","properties":{"osm_id":902581873,"highway":"residential"},"geometry":{"type":"LineString","coordinates":[[123.1908198,13.6290792],[123.1904842,13.6295253]]}},{"type":"Feature","properties":{"osm_id":902581875,"highway":"residential"},"geometry":{"type":"LineString","coordinates":[[123.1797315,13.627072],[123.1788382,13.6273783]]}},{"type":"Feature","properties":{"osm_id":902581876,"highway":"residential"},"geometry":{"type":"LineString","coordinates":[[123.1798066,13.627364],[123.1789447,13.6276724]]}},{"type":"Feature","properties":{"osm_id":902581877,"highway":"residential"},"geometry":{"type":"LineString","coordinates":[[123.1782335,13.6288876],[123.1784682,13.6288237],[123.1792686,13.628532]]}},{"type":"Feature","properties":{"osm_id":902617071,"highway":"service"},"geometry":{"type":"LineString","coordinates":[[123.1866655,13.6280916],[123.1866033,13.6279857],[123.1869276,13.6277796],[123.1873152,13.6275191]]}},{"type":"Feature","properties":{"osm_id":903389740,"highway":"tertiary","name":"Mabolo-Gainza Road","surface":"paved"},"geometry":{"type":"LineString","coordinates":[[123.182698,13.614476],[123.1825123,13.6144817],[123.1820609,13.6144529],[123.1810753,13.6144769],[123.1807068,13.6144902],[123.1806713,13.6144915],[123.1796884,13.6145605]]}},{"type":"Feature","properties":{"osm_id":903653812,"highway":"service"},"geometry":{"type":"LineString","coordinates":[[123.1891553,13.6229586],[123.1894813,13.6229378]]}},{"type":"Feature","properties":{"osm_id":904029273,"highway":"service"},"geometry":{"type":"LineString","coordinates":[[123.1780117,13.6192746],[123.1781611,13.6193782],[123.1782523,13.6193717],[123.1784354,13.6192449]]}},{"type":"Feature","properties":{"osm_id":904029314,"highway":"service"},"geometry":{"type":"LineString","coordinates":[[123.1778473,13.619124],[123.1779998,13.618932]]}},{"type":"Feature","properties":{"osm_id":904029315,"highway":"service","oneway":"yes"},"geometry":{"type":"LineString","coordinates":[[123.1784354,13.6192449],[123.1780584,13.6189741]]}},{"type":"Feature","properties":{"osm_id":904029317,"highway":"residential"},"geometry":{"type":"LineString","coordinates":[[123.1702029,13.6148958],[123.1702057,13.6150978],[123.1702191,13.6151395],[123.1704108,13.6154954],[123.1704256,13.6155736],[123.1704122,13.6156583],[123.1703559,13.6158056],[123.1703639,13.6158603],[123.1704175,13.6158981],[123.1704806,13.6159125],[123.1705235,13.6159529],[123.1706783,13.6165442]]}},{"type":"Feature","properties":{"osm_id":904039977,"highway":"unclassified"},"geometry":{"type":"LineString","coordinates":[[123.1739989,13.621259],[123.1741057,13.6208862],[123.1741894,13.6205154]]}},{"type":"Feature","properties":{"osm_id":904046240,"highway":"service"},"geometry":{"type":"LineString","coordinates":[[123.1711176,13.61451],[123.1710479,13.61454],[123.1709929,13.6145869],[123.1709996,13.6146599],[123.1710827,13.6148648]]}},{"type":"Feature","properties":{"osm_id":904046252,"highway":"service"},"geometry":{"type":"LineString","coordinates":[[123.1707059,13.6139834],[123.1708051,13.6139847],[123.1708963,13.6140238],[123.1710224,13.6142011],[123.171072,13.6143392],[123.1711176,13.61451],[123.1712155,13.6146377],[123.1714129,13.6148532]]}},{"type":"Feature","properties":{"osm_id":904046254,"highway":"residential"},"geometry":{"type":"LineString","coordinates":[[123.1785715,13.6247169],[123.1787324,13.6249215],[123.1787418,13.6249958],[123.1787123,13.6250635],[123.1784588,13.6251926],[123.1780442,13.625398]]}},{"type":"Feature","properties":{"osm_id":904046255,"highway":"service","access":"private"},"geometry":{"type":"LineString","coordinates":[[123.1787633,13.6225259],[123.1789225,13.6224401]]}},{"type":"Feature","properties":{"osm_id":904046278,"highway":"service","access":"private"},"geometry":{"type":"LineString","coordinates":[[123.1786599,13.6222906],[123.1787928,13.6222082]]}},{"type":"Feature","properties":{"osm_id":904065038,"highway":"residential"},"geometry":{"type":"LineString","coordinates":[[123.1692544,13.6201771],[123.1694587,13.6201772],[123.1695244,13.620198],[123.1695659,13.6202645],[123.1695954,13.6204274],[123.1696427,13.6209389]]}},{"type":"Feature","properties":{"osm_id":904066260,"highway":"tertiary","surface":"concrete","lanes":"2","bridge":"yes"},"geometry":{"type":"LineString","coordinates":[[123.1710599,13.6196741],[123.1709258,13.6196532]]}},{"type":"Feature","properties":{"osm_id":904066261,"highway":"tertiary","name":"P. Bustamante Road","surface":"concrete","lanes":"2","lit":"yes"},"geometry":{"type":"LineString","coordinates":[[123.1758464,13.6225665],[123.1757839,13.6225217],[123.1749612,13.6219315],[123.1748589,13.6218587],[123.1739989,13.621259],[123.1730405,13.6205962],[123.1719671,13.6198863],[123.1717241,13.6197818],[123.1716156,13.6197629],[123.1710599,13.6196741]]}},{"type":"Feature","properties":{"osm_id":905683903,"highway":"residential","name":"Mayflower Street","surface":"paved"},"geometry":{"type":"LineString","coordinates":[[123.1976509,13.625116],[123.197866,13.6251165],[123.1984775,13.6250675],[123.1989814,13.6249925],[123.1996365,13.6248466]]}},{"type":"Feature","properties":{"osm_id":905717124,"highway":"service"},"geometry":{"type":"LineString","coordinates":[[123.1983675,13.6232023],[123.1984617,13.6231902],[123.1990002,13.6231212],[123.1990287,13.6231176],[123.1990649,13.6230981],[123.1989857,13.6225819],[123.1989549,13.6223982],[123.1989215,13.6221944]]}},{"type":"Feature","properties":{"osm_id":905736350,"highway":"service"},"geometry":{"type":"LineString","coordinates":[[123.2026792,13.6128403],[123.202706,13.6124845],[123.2025786,13.6123202],[123.2024796,13.6122831]]}},{"type":"Feature","properties":{"osm_id":905736352,"highway":"residential"},"geometry":{"type":"LineString","coordinates":[[123.2003818,13.6123961],[123.2007496,13.6125505],[123.2009089,13.6125811],[123.2010882,13.6126272],[123.2023048,13.6130337]]}},{"type":"Feature","properties":{"osm_id":905793124,"highway":"residential"},"geometry":{"type":"LineString","coordinates":[[123.2029526,13.6118242],[123.2030121,13.6117896],[123.2030756,13.6117395]]}},{"type":"Feature","properties":{"osm_id":906089794,"highway":"service","surface":"concrete"},"geometry":{"type":"LineString","coordinates":[[123.1908324,13.6144801],[123.1908218,13.6143946],[123.1908264,13.6143308],[123.1908473,13.6142845],[123.1908902,13.61425],[123.1909371,13.614233],[123.1909794,13.6142154],[123.1910122,13.6141828],[123.1910365,13.6141341],[123.1911349,13.6138126]]}},{"type":"Feature","properties":{"osm_id":906112799,"highway":"service","oneway":"yes"},"geometry":{"type":"LineString","coordinates":[[123.1940024,13.6194805],[123.1940635,13.6194292]]}},{"type":"Feature","properties":{"osm_id":906112800,"highway":"service","oneway":"yes"},"geometry":{"type":"LineString","coordinates":[[123.193702,13.6197001],[123.1937755,13.6196453]]}},{"type":"Feature","properties":{"osm_id":906485132,"highway":"residential"},"geometry":{"type":"LineString","coordinates":[[123.1804818,13.6225315],[123.1800539,13.6225501]]}},{"type":"Feature","properties":{"osm_id":906485562,"highway":"residential"},"geometry":{"type":"LineString","coordinates":[[123.1800539,13.6225501],[123.179706,13.6225819],[123.1795277,13.6224959],[123.179525,13.6221205]]}},{"type":"Feature","properties":{"osm_id":906492167,"highway":"service"},"geometry":{"type":"LineString","coordinates":[[123.1876125,13.6163461],[123.1875864,13.6157508],[123.1875757,13.6152399],[123.1875635,13.6149414],[123.1875197,13.6145179],[123.1874227,13.6138778]]}},{"type":"Feature","properties":{"osm_id":906499574,"highway":"tertiary_link"},"geometry":{"type":"LineString","coordinates":[[123.1907487,13.617542],[123.1906654,13.6175432]]}},{"type":"Feature","properties":{"osm_id":906499690,"highway":"service"},"geometry":{"type":"LineString","coordinates":[[123.1903128,13.6166098],[123.1905665,13.6165832],[123.1906412,13.6165759]]}},{"type":"Feature","properties":{"osm_id":906500447,"highway":"service"},"geometry":{"type":"LineString","coordinates":[[123.1954198,13.6161929],[123.1956008,13.6156009],[123.195747,13.6155332],[123.196384,13.6167193]]}},{"type":"Feature","properties":{"osm_id":906500836,"highway":"service"},"geometry":{"type":"LineString","coordinates":[[123.184949,13.6157954],[123.1847781,13.6159415]]}},{"type":"Feature","properties":{"osm_id":906500837,"highway":"service"},"geometry":{"type":"LineString","coordinates":[[123.1842865,13.6163848],[123.1843406,13.6162652],[123.1844572,13.6160077],[123.1844919,13.6159797],[123.1845906,13.6159474]]}},{"type":"Feature","properties":{"osm_id":906500838,"highway":"service"},"geometry":{"type":"LineString","coordinates":[[123.1845906,13.6159474],[123.1847781,13.6159415],[123.1850591,13.6159332],[123.184949,13.6157954],[123.1848611,13.615688],[123.1845906,13.6159474]]}},{"type":"Feature","properties":{"osm_id":909567280,"highway":"service"},"geometry":{"type":"LineString","coordinates":[[123.1896103,13.6160517],[123.189598,13.6159659],[123.1898864,13.6159216],[123.1899001,13.6160075]]}},{"type":"Feature","properties":{"osm_id":910695826,"highway":"trunk_link","surface":"concrete","lanes":"1","oneway":"yes"},"geometry":{"type":"LineString","coordinates":[[123.1930895,13.6156623],[123.1935645,13.6154183]]}},{"type":"Feature","properties":{"osm_id":918137127,"highway":"residential","name":"Carnation Street","surface":"paved","lanes":"1"},"geometry":{"type":"LineString","coordinates":[[123.1953609,13.6212884],[123.1948737,13.6202382],[123.1943953,13.6191879]]}},{"type":"Feature","properties":{"osm_id":919053015,"highway":"service"},"geometry":{"type":"LineString","coordinates":[[123.1812175,13.6247898],[123.1817018,13.6249758],[123.1817539,13.6249958]]}},{"type":"Feature","properties":{"osm_id":919053016,"highway":"service"},"geometry":{"type":"LineString","coordinates":[[123.1819712,13.6247677],[123.1818384,13.6246295],[123.1817018,13.6249758]]}},{"type":"Feature","properties":{"osm_id":919053017,"highway":"service"},"geometry":{"type":"LineString","coordinates":[[123.1822555,13.6246204],[123.1823923,13.6249528]]}},{"type":"Feature","properties":{"osm_id":920629126,"highway":"service"},"geometry":{"type":"LineString","coordinates":[[123.1843249,13.62982],[123.1843551,13.6298811],[123.1839254,13.6300544]]}},{"type":"Feature","properties":{"osm_id":936923544,"highway":"secondary","name":"Elias Angeles Street","surface":"asphalt","oneway":"yes","lit":"yes"},"geometry":{"type":"LineString","coordinates":[[123.1870332,13.627036],[123.1870105,13.6269936],[123.1866458,13.6262709],[123.1863349,13.6256918]]}},{"type":"Feature","properties":{"osm_id":937275121,"highway":"service"},"geometry":{"type":"LineString","coordinates":[[123.1887603,13.6205657],[123.1886834,13.6203743]]}},{"type":"Feature","properties":{"osm_id":942149977,"highway":"residential"},"geometry":{"type":"LineString","coordinates":[[123.1832988,13.619291],[123.1833573,13.6193534],[123.1834183,13.6193384],[123.1834329,13.6193838],[123.1834509,13.6194441],[123.1834887,13.6195387],[123.1835151,13.6195786],[123.1836768,13.6196694],[123.183726,13.6196863],[123.1838772,13.6196689]]}},{"type":"Feature","properties":{"osm_id":942162016,"highway":"residential"},"geometry":{"type":"LineString","coordinates":[[123.2004556,13.6216617],[123.2003336,13.6211581]]}},{"type":"Feature","properties":{"osm_id":942164116,"highway":"residential"},"geometry":{"type":"LineString","coordinates":[[123.1818947,13.6218612],[123.1813301,13.6221301]]}},{"type":"Feature","properties":{"osm_id":942192617,"highway":"residential"},"geometry":{"type":"LineString","coordinates":[[123.1836221,13.628909],[123.1836227,13.6288843],[123.1836154,13.6288563],[123.1835173,13.6286277]]}},{"type":"Feature","properties":{"osm_id":942194450,"highway":"residential"},"geometry":{"type":"LineString","coordinates":[[123.177694,13.6201622],[123.177959,13.6199714]]}},{"type":"Feature","properties":{"osm_id":942195729,"highway":"residential"},"geometry":{"type":"LineString","coordinates":[[123.1844106,13.6180357],[123.1842618,13.6181674],[123.1841545,13.6182338],[123.1840231,13.618299],[123.1835557,13.6184803]]}},{"type":"Feature","properties":{"osm_id":942205874,"highway":"residential"},"geometry":{"type":"LineString","coordinates":[[123.2001317,13.6160275],[123.2000533,13.6161041]]}},{"type":"Feature","properties":{"osm_id":942207829,"highway":"residential"},"geometry":{"type":"LineString","coordinates":[[123.1764921,13.6155149],[123.1761387,13.6156179],[123.1758812,13.6157534],[123.1756921,13.6159085],[123.1755084,13.616048],[123.1754373,13.6161093],[123.1753977,13.616125]]}},{"type":"Feature","properties":{"osm_id":942210087,"highway":"residential"},"geometry":{"type":"LineString","coordinates":[[123.1889811,13.6178206],[123.1891052,13.6179831],[123.189352,13.6183364],[123.1893097,13.6183524],[123.1887927,13.6185003]]}},{"type":"Feature","properties":{"osm_id":959623251,"highway":"trunk","name":"Roxas Avenue","ref":"1","lanes":"1","oneway":"yes","lit":"yes"},"geometry":{"type":"LineString","coordinates":[[123.1842202,13.6163448],[123.1842521,13.6163687]]}},{"type":"Feature","properties":{"osm_id":971572228,"highway":"service"},"geometry":{"type":"LineString","coordinates":[[123.1861978,13.616288],[123.186264,13.6163035],[123.1863633,13.616528]]}},{"type":"Feature","properties":{"osm_id":971572229,"highway":"service"},"geometry":{"type":"LineString","coordinates":[[123.1861215,13.6163213],[123.1861978,13.616288]]}},{"type":"Feature","properties":{"osm_id":971572230,"highway":"service"},"geometry":{"type":"LineString","coordinates":[[123.1861088,13.616565],[123.1860736,13.6163947],[123.1860803,13.616353],[123.1861215,13.6163213]]}},{"type":"Feature","properties":{"osm_id":971861255,"highway":"service"},"geometry":{"type":"LineString","coordinates":[[123.2009915,13.6256958],[123.2008087,13.6256781],[123.2007787,13.6257137],[123.2007764,13.625865],[123.2008321,13.6258883],[123.2009806,13.625913]]}},{"type":"Feature","properties":{"osm_id":1000730586,"highway":"service","access":"private"},"geometry":{"type":"LineString","coordinates":[[123.1972039,13.6194013],[123.1972215,13.6195182]]}},{"type":"Feature","properties":{"osm_id":1017413433,"highway":"tertiary","name":"J. Hernandez Avenue","surface":"asphalt","oneway":"yes","lit":"yes"},"geometry":{"type":"LineString","coordinates":[[123.1835986,13.6221769],[123.1835149,13.6218266],[123.1833686,13.6212597],[123.1832007,13.6205862]]}},{"type":"Feature","properties":{"osm_id":1017413434,"highway":"secondary","name":"J. Hernandez Avenue","surface":"asphalt","oneway":"yes","lit":"yes"},"geometry":{"type":"LineString","coordinates":[[123.1837209,13.6226748],[123.1835986,13.6221769]]}},{"type":"Feature","properties":{"osm_id":1017413435,"highway":"tertiary","name":"Abella Street","surface":"concrete","lanes":"2","lit":"yes"},"geometry":{"type":"LineString","coordinates":[[123.1796802,13.6236172],[123.1807763,13.6233107]]}},{"type":"Feature","properties":{"osm_id":1017413436,"highway":"tertiary","name":"Garcia Street","surface":"paved","lit":"yes"},"geometry":{"type":"LineString","coordinates":[[123.1805749,13.6184692],[123.1800555,13.6177612],[123.1799783,13.6176955],[123.1799026,13.6176623],[123.179786,13.6176488]]}},{"type":"Feature","properties":{"osm_id":1017413437,"highway":"tertiary","name":"Waling-waling Street","surface":"paved","lit":"yes"},"geometry":{"type":"LineString","coordinates":[[123.1943953,13.6191879],[123.1949046,13.6190308]]}},{"type":"Feature","properties":{"osm_id":1017413438,"highway":"trunk","name":"Almeda Highway","surface":"concrete","lanes":"2","access":"yes","lit":"yes"},"geometry":{"type":"LineString","coordinates":[[123.1935645,13.6154183],[123.1936103,13.6152302],[123.1936597,13.6150035],[123.1938064,13.6143627],[123.1939874,13.6136653],[123.1942302,13.6127386],[123.1943205,13.6124789],[123.1944586,13.6121837],[123.1945498,13.6120232],[123.1946699,13.6118471],[123.1948933,13.6115986],[123.1951596,13.6113687],[123.1954418,13.611171],[123.1957253,13.6110178],[123.196336,13.6107757],[123.196596,13.6106673],[123.1973183,13.6103558],[123.1984379,13.609873]]}},{"type":"Feature","properties":{"osm_id":1017413439,"highway":"tertiary"},"geometry":{"type":"LineString","coordinates":[[123.2021092,13.6146241],[123.20209,13.6143649],[123.2020789,13.6140883],[123.2020875,13.6138618],[123.2021668,13.6135552],[123.202206,13.6134148],[123.2022392,13.613262],[123.2023048,13.6130337],[123.2023747,13.6127475],[123.2024796,13.6122831],[123.2024937,13.6122014],[123.2025384,13.6119775],[123.2025577,13.6118142],[123.2025164,13.611694],[123.2024471,13.6116132],[123.2023253,13.6114993],[123.2019979,13.6112769],[123.2014856,13.6108878],[123.2010792,13.6105931],[123.2009469,13.6104581],[123.2008137,13.6103132],[123.20073,13.610215],[123.2006659,13.6101147],[123.2006102,13.6100146],[123.200556,13.6098641],[123.2004825,13.6094876],[123.2003983,13.6091829]]}},{"type":"Feature","properties":{"osm_id":1038161691,"highway":"service"},"geometry":{"type":"LineString","coordinates":[[123.1950918,13.6164889],[123.1951422,13.6162735],[123.1952293,13.6160337],[123.1952951,13.6158082],[123.1953339,13.6155853],[123.1953366,13.6155084]]}},{"type":"Feature","properties":{"osm_id":1038161692,"highway":"service"},"geometry":{"type":"LineString","coordinates":[[123.1944208,13.6153049],[123.1947385,13.615365],[123.1952267,13.6154745],[123.1953366,13.6155084],[123.1953081,13.6154396],[123.1953031,13.6153507],[123.1947935,13.6152504],[123.1947385,13.615365]]}},{"type":"Feature","properties":{"osm_id":1049539156,"highway":"service","name":"Robinsons Place Naga Road"},"geometry":{"type":"LineString","coordinates":[[123.1937767,13.6136001],[123.1939874,13.6136653]]}},{"type":"Feature","properties":{"osm_id":1053485826,"highway":"secondary","name":"General Luna Street","surface":"asphalt","lanes":"2","oneway":"yes","lit":"yes"},"geometry":{"type":"LineString","coordinates":[[123.1842842,13.6220819],[123.1843738,13.6225587]]}},{"type":"Feature","properties":{"osm_id":1053960479,"highway":"service","oneway":"yes"},"geometry":{"type":"LineString","coordinates":[[123.1786106,13.619147],[123.178166,13.6187978],[123.1780833,13.6186639],[123.1780336,13.6184901]]}},{"type":"Feature","properties":{"osm_id":1053960480,"highway":"secondary","name":"Felix Plazo Street","surface":"concrete","lanes":"2"},"geometry":{"type":"LineString","coordinates":[[123.1792871,13.6188133],[123.1796348,13.6199904],[123.1798906,13.6206918]]}},{"type":"Feature","properties":{"osm_id":1134676462,"highway":"tertiary","name":"Barlin Street","surface":"concrete","oneway":"yes","lit":"yes"},"geometry":{"type":"LineString","coordinates":[[123.1847822,13.6250312],[123.1844471,13.6245813]]}},{"type":"Feature","properties":{"osm_id":1134676926,"highway":"service"},"geometry":{"type":"LineString","coordinates":[[123.1836013,13.6242691],[123.184088,13.6241067]]}},{"type":"Feature","properties":{"osm_id":1134693557,"highway":"residential","name":"City Hall Loop"},"geometry":{"type":"LineString","coordinates":[[123.1991482,13.625952],[123.19947,13.6261933]]}},{"type":"Feature","properties":{"osm_id":1134694540,"highway":"service"},"geometry":{"type":"LineString","coordinates":[[123.1984617,13.6231902],[123.1985188,13.6232548],[123.1985562,13.6232822],[123.1985976,13.6233035],[123.198642,13.6233181],[123.1986881,13.6233257],[123.1987349,13.6233261],[123.1987812,13.6233192],[123.1988308,13.6233033],[123.1988768,13.623279],[123.1989175,13.6232473],[123.1989519,13.623209],[123.1990002,13.6231212]]}},{"type":"Feature","properties":{"osm_id":1134694541,"highway":"service"},"geometry":{"type":"LineString","coordinates":[[123.1980584,13.6247422],[123.1980591,13.6244061],[123.1979941,13.6235769],[123.1979887,13.6234126],[123.1980173,13.6232543]]}},{"type":"Feature","properties":{"osm_id":1165344765,"highway":"service"},"geometry":{"type":"LineString","coordinates":[[123.1798529,13.6200951],[123.1797828,13.6199421]]}},{"type":"Feature","properties":{"osm_id":1202664547,"highway":"service","surface":"concrete"},"geometry":{"type":"LineString","coordinates":[[123.1883944,13.6143977],[123.1882462,13.6129497]]}},{"type":"Feature","properties":{"osm_id":1202664548,"highway":"unclassified","name":"Bicol River Esplanade","surface":"concrete","lanes":"2","lit":"yes"},"geometry":{"type":"LineString","coordinates":[[123.1860692,13.6165708],[123.1859577,13.6163252],[123.185851,13.6160902],[123.1856927,13.6157417],[123.1854647,13.6152568],[123.1853481,13.6150274],[123.1853078,13.614931],[123.1853025,13.6148697],[123.1853145,13.6148098],[123.1853521,13.6147485],[123.1854044,13.6146833],[123.1854513,13.6146234],[123.1854916,13.6145543],[123.1855398,13.6144618],[123.1856136,13.6142767],[123.1856766,13.6140785],[123.1857276,13.6138843],[123.1857625,13.6136719],[123.1857893,13.6134607],[123.1858148,13.6132079],[123.1858993,13.6123528],[123.1859301,13.6121091],[123.1859559,13.6119393],[123.1859934,13.6117652]]}},{"type":"Feature","properties":{"osm_id":1202664549,"highway":"service"},"geometry":{"type":"LineString","coordinates":[[123.1879992,13.6157302],[123.1875864,13.6157508]]}},{"type":"Feature","properties":{"osm_id":1202664555,"highway":"service","surface":"concrete"},"geometry":{"type":"LineString","coordinates":[[123.1875197,13.6145179],[123.1878158,13.6144772],[123.1882939,13.6144115],[123.1883944,13.6143977],[123.1892252,13.6142835],[123.1895037,13.6142584],[123.1897348,13.6142376]]}},{"type":"Feature","properties":{"osm_id":1202664556,"highway":"service"},"geometry":{"type":"LineString","coordinates":[[123.1880493,13.6161406],[123.1880343,13.6160224]]}},{"type":"Feature","properties":{"osm_id":1202664557,"highway":"service"},"geometry":{"type":"LineString","coordinates":[[123.1880866,13.6164351],[123.1880787,13.6163731],[123.188067,13.6162801]]}},{"type":"Feature","properties":{"osm_id":1202664564,"highway":"service"},"geometry":{"type":"LineString","coordinates":[[123.1942731,13.6156348],[123.1944153,13.6150053]]}},{"type":"Feature","properties":{"osm_id":1202664565,"highway":"service"},"geometry":{"type":"LineString","coordinates":[[123.1941935,13.6159942],[123.1942289,13.6158236]]}},{"type":"Feature","properties":{"osm_id":1202664566,"highway":"service"},"geometry":{"type":"LineString","coordinates":[[123.1942289,13.6158236],[123.1942731,13.6156348]]}},{"type":"Feature","properties":{"osm_id":1203045058,"highway":"service"},"geometry":{"type":"LineString","coordinates":[[123.1877849,13.6276058],[123.1877149,13.6275883]]}},{"type":"Feature","properties":{"osm_id":1203045059,"highway":"service"},"geometry":{"type":"LineString","coordinates":[[123.1877149,13.6275883],[123.1876494,13.6275751],[123.1875541,13.6275712],[123.1874952,13.6275816],[123.1873883,13.6276439]]}},{"type":"Feature","properties":{"osm_id":1216733526,"highway":"service","name":"Robinsons Place Naga Road"},"geometry":{"type":"LineString","coordinates":[[123.1929366,13.6156494],[123.1929964,13.6153677]]}},{"type":"Feature","properties":{"osm_id":1221676384,"highway":"unclassified","name":"Riverside Street","surface":"concrete"},"geometry":{"type":"LineString","coordinates":[[123.1856371,13.6210267],[123.1853601,13.6208159],[123.1850777,13.6206543],[123.1847544,13.6204692],[123.1844296,13.6202773],[123.1841218,13.6202278],[123.1841169,13.6202837],[123.1841208,13.6203588],[123.1841651,13.6206293],[123.1840117,13.6206264]]}},{"type":"Feature","properties":{"osm_id":1227389108,"highway":"service","name":"Robinsons Place Naga Road"},"geometry":{"type":"LineString","coordinates":[[123.1935861,13.6149456],[123.1936597,13.6150035]]}},{"type":"Feature","properties":{"osm_id":1230254792,"highway":"residential","oneway":"yes","access":"permissive"},"geometry":{"type":"LineString","coordinates":[[123.179282,13.6237014],[123.1792493,13.6236074]]}},{"type":"Feature","properties":{"osm_id":1230254793,"highway":"residential","oneway":"yes","access":"private"},"geometry":{"type":"LineString","coordinates":[[123.1793171,13.6234063],[123.1792528,13.6234399],[123.1792506,13.623448],[123.1792518,13.6234565],[123.179276,13.6235059],[123.1792876,13.6235238]]}},{"type":"Feature","properties":{"osm_id":1230254794,"highway":"residential","oneway":"yes","access":"private"},"geometry":{"type":"LineString","coordinates":[[123.1793281,13.62337],[123.1793171,13.6234063]]}},{"type":"Feature","properties":{"osm_id":1230254795,"highway":"residential","access":"private"},"geometry":{"type":"LineString","coordinates":[[123.178363,13.6221515],[123.1781064,13.622251],[123.1779955,13.6223042]]}},{"type":"Feature","properties":{"osm_id":1230254796,"highway":"residential","oneway":"yes","access":"private"},"geometry":{"type":"LineString","coordinates":[[123.1784518,13.6207877],[123.1783744,13.6210564]]}},{"type":"Feature","properties":{"osm_id":1230254797,"highway":"residential","access":"private"},"geometry":{"type":"LineString","coordinates":[[123.1776511,13.6209267],[123.1775594,13.6208556]]}},{"type":"Feature","properties":{"osm_id":1230254798,"highway":"residential","access":"private"},"geometry":{"type":"LineString","coordinates":[[123.1793765,13.6225838],[123.1793734,13.6226761]]}},{"type":"Feature","properties":{"osm_id":1232377911,"highway":"service"},"geometry":{"type":"LineString","coordinates":[[123.1955716,13.6180913],[123.1955852,13.6180898]]}},{"type":"Feature","properties":{"osm_id":1254505424,"highway":"service"},"geometry":{"type":"LineString","coordinates":[[123.1794941,13.6291622],[123.1798965,13.6289958],[123.1802613,13.6288706],[123.180895,13.6286653],[123.1814424,13.6283856],[123.181475,13.6283793],[123.1815018,13.6283923],[123.1817453,13.6287398],[123.1818793,13.6292108],[123.1819035,13.6292317],[123.1819379,13.6292272],[123.1821225,13.6290487]]}},{"type":"Feature","properties":{"osm_id":1257921184,"highway":"service","name":"SM City Naga Road"},"geometry":{"type":"LineString","coordinates":[[123.189448,13.6204664],[123.1893957,13.6204786],[123.1891772,13.6205512]]}},{"type":"Feature","properties":{"osm_id":1257921185,"highway":"service","name":"SM City Naga Road","oneway":"yes"},"geometry":{"type":"LineString","coordinates":[[123.1913984,13.6218797],[123.1898047,13.6221209]]}},{"type":"Feature","properties":{"osm_id":1264579074,"highway":"residential","oneway":"yes","access":"private"},"geometry":{"type":"LineString","coordinates":[[123.179225,13.6235474],[123.1792156,13.6235282],[123.1791891,13.6234364]]}},{"type":"Feature","properties":{"osm_id":1264579075,"highway":"residential","oneway":"yes","access":"permissive"},"geometry":{"type":"LineString","coordinates":[[123.1792876,13.6235238],[123.1793209,13.6235807]]}},{"type":"Feature","properties":{"osm_id":1303117726,"highway":"residential","oneway":"yes","access":"permissive"},"geometry":{"type":"LineString","coordinates":[[123.1793209,13.6235807],[123.1793695,13.623684]]}},{"type":"Feature","properties":{"osm_id":1303117727,"highway":"residential","oneway":"yes","access":"destination"},"geometry":{"type":"LineString","coordinates":[[123.1792493,13.6236074],[123.179225,13.6235474]]}},{"type":"Feature","properties":{"osm_id":1303117728,"highway":"residential","access":"permissive"},"geometry":{"type":"LineString","coordinates":[[123.1792493,13.6236074],[123.1793209,13.6235807]]}},{"type":"Feature","properties":{"osm_id":1303928246,"highway":"service"},"geometry":{"type":"LineString","coordinates":[[123.1909256,13.6158604],[123.1909531,13.6161228],[123.1909652,13.6162618],[123.190954,13.6162812],[123.1909361,13.6162969],[123.1908349,13.616309],[123.1906189,13.6163402]]}},{"type":"Feature","properties":{"osm_id":1303929606,"highway":"service"},"geometry":{"type":"LineString","coordinates":[[123.1982852,13.6226711],[123.1989857,13.6225819]]}},{"type":"Feature","properties":{"osm_id":1306535928,"highway":"secondary","name":"Dayangdang Street","surface":"paved","lanes":"1","bridge":"yes"},"geometry":{"type":"LineString","coordinates":[[123.1954433,13.6302483],[123.195515,13.6303116]]}},{"type":"Feature","properties":{"osm_id":1306993471,"highway":"service"},"geometry":{"type":"LineString","coordinates":[[123.1937681,13.61952],[123.1936429,13.6188854]]}},{"type":"Feature","properties":{"osm_id":1307193849,"highway":"service"},"geometry":{"type":"LineString","coordinates":[[123.1960689,13.6153094],[123.1961783,13.6152594],[123.1964407,13.6151395],[123.197328,13.6149897],[123.1973532,13.6149373],[123.1973256,13.6145381]]}},{"type":"Feature","properties":{"osm_id":1307555632,"highway":"tertiary","name":"Plantado Road","lit":"yes"},"geometry":{"type":"LineString","coordinates":[[123.1706388,13.6196707],[123.1706512,13.6196075]]}},{"type":"Feature","properties":{"osm_id":1307555633,"highway":"tertiary","surface":"concrete","lanes":"2"},"geometry":{"type":"LineString","coordinates":[[123.1706796,13.6196122],[123.1706512,13.6196075],[123.1705789,13.619608]]}},{"type":"Feature","properties":{"osm_id":1307555634,"highway":"tertiary","surface":"concrete","lanes":"2"},"geometry":{"type":"LineString","coordinates":[[123.1709258,13.6196532],[123.1706796,13.6196122]]}},{"type":"Feature","properties":{"osm_id":1314531796,"highway":"service","tunnel":"building_passage"},"geometry":{"type":"LineString","coordinates":[[123.1840798,13.6212341],[123.1836241,13.6212487],[123.1834151,13.6212553]]}},{"type":"Feature","properties":{"osm_id":1314531797,"highway":"service"},"geometry":{"type":"LineString","coordinates":[[123.1841194,13.6212343],[123.1840798,13.6212341]]}},{"type":"Feature","properties":{"osm_id":1314531798,"highway":"service"},"geometry":{"type":"LineString","coordinates":[[123.1834151,13.6212553],[123.1833686,13.6212597]]}},{"type":"Feature","properties":{"osm_id":1352107662,"highway":"service","surface":"concrete","access":"customers"},"geometry":{"type":"LineString","coordinates":[[123.1885925,13.6156798],[123.1893258,13.6155753]]}},{"type":"Feature","properties":{"osm_id":1352107663,"highway":"service","surface":"concrete"},"geometry":{"type":"LineString","coordinates":[[123.1894349,13.6157128],[123.1894041,13.6157172]]}},{"type":"Feature","properties":{"osm_id":1352107664,"highway":"service","surface":"concrete","access":"customers"},"geometry":{"type":"LineString","coordinates":[[123.1893484,13.6157251],[123.189371,13.6158749],[123.1886377,13.6159794]]}},{"type":"Feature","properties":{"osm_id":1352109089,"highway":"service"},"geometry":{"type":"LineString","coordinates":[[123.1912136,13.6156705],[123.1914587,13.615642]]}},{"type":"Feature","properties":{"osm_id":1352109090,"highway":"service"},"geometry":{"type":"LineString","coordinates":[[123.1912245,13.6158166],[123.1912136,13.6156705],[123.1911966,13.6154419],[123.1912033,13.6154054],[123.1912248,13.6153715],[123.1912798,13.6153533],[123.1913589,13.6153422],[123.1913817,13.6153461],[123.1913971,13.6153539],[123.1914119,13.6153748],[123.1914587,13.615642],[123.1914823,13.6157769]]}},{"type":"Feature","properties":{"osm_id":1352109091,"highway":"service"},"geometry":{"type":"LineString","coordinates":[[123.1878164,13.6164162],[123.1879713,13.6163907],[123.1880787,13.6163731]]}},{"type":"Feature","properties":{"osm_id":1352109092,"highway":"service"},"geometry":{"type":"LineString","coordinates":[[123.1878387,13.616575],[123.1878164,13.6164162],[123.1878026,13.6163184]]}},{"type":"Feature","properties":{"osm_id":1352109093,"highway":"service"},"geometry":{"type":"LineString","coordinates":[[123.1879887,13.6165394],[123.1879713,13.6163907],[123.1879609,13.6162954]]}},{"type":"Feature","properties":{"osm_id":1352109094,"highway":"service"},"geometry":{"type":"LineString","coordinates":[[123.1877261,13.6165892],[123.1878387,13.616575],[123.1879351,13.6165629],[123.1879887,13.6165394],[123.1880866,13.6164351]]}},{"type":"Feature","properties":{"osm_id":1352109095,"highway":"service"},"geometry":{"type":"LineString","coordinates":[[123.1873658,13.6152503],[123.1875757,13.6152399]]}},{"type":"Feature","properties":{"osm_id":1352109096,"highway":"service"},"geometry":{"type":"LineString","coordinates":[[123.1880286,13.6159751],[123.1885077,13.6159059]]}},{"type":"Feature","properties":{"osm_id":1357110991,"highway":"service"},"geometry":{"type":"LineString","coordinates":[[123.185385,13.6238701],[123.1847962,13.6240348]]}},{"type":"Feature","properties":{"osm_id":1364315020,"highway":"service"},"geometry":{"type":"LineString","coordinates":[[123.1845353,13.6190714],[123.1844938,13.6188647],[123.1845005,13.6187865],[123.184538,13.61875],[123.184593,13.6187291]]}},{"type":"Feature","properties":{"osm_id":1364315021,"highway":"service"},"geometry":{"type":"LineString","coordinates":[[123.1844596,13.6157026],[123.1844204,13.6156531],[123.1843932,13.6156146],[123.1843855,13.6155876],[123.1843888,13.6155625],[123.1844036,13.6155426],[123.1844297,13.6155309],[123.1844546,13.6155351],[123.1845313,13.6156081]]}},{"type":"Feature","properties":{"osm_id":1364315022,"highway":"residential"},"geometry":{"type":"LineString","coordinates":[[123.1841319,13.6162585],[123.184186,13.616181],[123.1841981,13.6161366],[123.1841914,13.6160943],[123.1841773,13.6160389],[123.1841438,13.6159385],[123.1841444,13.6159112],[123.1841605,13.6158721],[123.1842048,13.6158414],[123.1843174,13.6158056],[123.1843852,13.6157736],[123.1844596,13.6157026],[123.1845313,13.6156081],[123.184697,13.6154647]]}},{"type":"Feature","properties":{"osm_id":1368875071,"highway":"service","surface":"unpaved"},"geometry":{"type":"LineString","coordinates":[[123.1858993,13.6123528],[123.1862426,13.6121886],[123.186378,13.612126],[123.1864732,13.612053],[123.1865135,13.6120048],[123.1865524,13.6119279],[123.1865859,13.6117767],[123.1865819,13.611675],[123.1865416,13.6115382],[123.1864424,13.6113622],[123.1862479,13.6111067]]}},{"type":"Feature","properties":{"osm_id":1368875074,"highway":"service","surface":"concrete","access":"customers"},"geometry":{"type":"LineString","coordinates":[[123.1894041,13.6157172],[123.1893484,13.6157251]]}},{"type":"Feature","properties":{"osm_id":1368875075,"highway":"service","surface":"concrete","access":"customers"},"geometry":{"type":"LineString","coordinates":[[123.1886449,13.6160272],[123.1886377,13.6159794]]}},{"type":"Feature","properties":{"osm_id":1368875077,"highway":"service","surface":"concrete"},"geometry":{"type":"LineString","coordinates":[[123.1886698,13.6161927],[123.1886449,13.6160272]]}},{"type":"Feature","properties":{"osm_id":1368875078,"highway":"service","surface":"concrete","access":"customers"},"geometry":{"type":"LineString","coordinates":[[123.1893484,13.6157251],[123.1886151,13.6158296]]}},{"type":"Feature","properties":{"osm_id":1368875079,"highway":"service","surface":"concrete"},"geometry":{"type":"LineString","coordinates":[[123.1897348,13.6142376],[123.189869,13.6139797],[123.1902203,13.6133044]]}},{"type":"Feature","properties":{"osm_id":1368875080,"highway":"service","surface":"concrete"},"geometry":{"type":"LineString","coordinates":[[123.1908324,13.6144801],[123.1908692,13.6147505],[123.1909066,13.615025],[123.190944,13.6152994],[123.1909814,13.6155739],[123.1910188,13.6158483]]}},{"type":"Feature","properties":{"osm_id":1368875081,"highway":"service"},"geometry":{"type":"LineString","coordinates":[[123.1893083,13.6137566],[123.1893821,13.6137045],[123.1894679,13.6136667],[123.1895712,13.6136523],[123.1896624,13.6136588],[123.1897295,13.6136823],[123.1897536,13.6137279],[123.1897536,13.6137853],[123.1897321,13.6138465],[123.1895037,13.6142584]]}},{"type":"Feature","properties":{"osm_id":1368875082,"highway":"service"},"geometry":{"type":"LineString","coordinates":[[123.187471,13.6129502],[123.1863647,13.61297]]}},{"type":"Feature","properties":{"osm_id":1368875085,"highway":"service","surface":"concrete"},"geometry":{"type":"LineString","coordinates":[[123.1894875,13.6160694],[123.1894349,13.6157128],[123.1892252,13.6142835],[123.1892169,13.6141564],[123.1892198,13.6140434],[123.1892306,13.613926],[123.1892574,13.6138465],[123.1893083,13.6137566]]}},{"type":"Feature","properties":{"osm_id":1368875086,"highway":"service"},"geometry":{"type":"LineString","coordinates":[[123.1875757,13.6152399],[123.1879256,13.6152177]]}},{"type":"Feature","properties":{"osm_id":1368875087,"highway":"service"},"geometry":{"type":"LineString","coordinates":[[123.1886941,13.6163386],[123.1880866,13.6164351]]}},{"type":"Feature","properties":{"osm_id":1368875088,"highway":"service"},"geometry":{"type":"LineString","coordinates":[[123.188067,13.6162801],[123.1880493,13.6161406]]}},{"type":"Feature","properties":{"osm_id":1368875089,"highway":"service"},"geometry":{"type":"LineString","coordinates":[[123.1876965,13.6138749],[123.1874227,13.6138778],[123.1858094,13.6138948]]}},{"type":"Feature","properties":{"osm_id":1373537377,"highway":"secondary","name":"General Luna Street","surface":"asphalt","lanes":"2","oneway":"yes","lit":"yes"},"geometry":{"type":"LineString","coordinates":[[123.1843738,13.6225587],[123.1844694,13.6229996]]}},{"type":"Feature","properties":{"osm_id":1381619985,"highway":"service","oneway":"yes"},"geometry":{"type":"LineString","coordinates":[[123.1915575,13.6157653],[123.1916018,13.6162071],[123.1915977,13.6162486],[123.1915805,13.6162802],[123.191554,13.6162872],[123.1914107,13.6163049],[123.1913762,13.616297],[123.1913548,13.6162684],[123.1912972,13.6158054]]}},{"type":"Feature","properties":{"osm_id":1390029429,"highway":"service"},"geometry":{"type":"LineString","coordinates":[[123.1885078,13.6228194],[123.1886069,13.6230714],[123.1886183,13.6230811],[123.1886338,13.6230883],[123.1887538,13.6230909],[123.1887612,13.6230772],[123.1887632,13.6230616],[123.1887093,13.6228014]]}},{"type":"Feature","properties":{"osm_id":1390029430,"highway":"service"},"geometry":{"type":"LineString","coordinates":[[123.1884018,13.621577],[123.1888284,13.6214559]]}},{"type":"Feature","properties":{"osm_id":1423273559,"highway":"residential"},"geometry":{"type":"LineString","coordinates":[[123.1785391,13.6254257],[123.1786413,13.6253472],[123.1788044,13.6252287]]}},{"type":"Feature","properties":{"osm_id":1427951315,"highway":"residential"},"geometry":{"type":"LineString","coordinates":[[123.1784682,13.6288237],[123.1785044,13.6289554]]}},{"type":"Feature","properties":{"osm_id":1427951316,"highway":"residential"},"geometry":{"type":"LineString","coordinates":[[123.1790573,13.6279376],[123.1786197,13.6280899],[123.1777722,13.6283819]]}},{"type":"Feature","properties":{"osm_id":1427951317,"highway":"residential"},"geometry":{"type":"LineString","coordinates":[[123.1791669,13.6282645],[123.1779224,13.6287208]]}},{"type":"Feature","properties":{"osm_id":1427953000,"highway":"service"},"geometry":{"type":"LineString","coordinates":[[123.178404,13.6266682],[123.1783508,13.6265947]]}},{"type":"Feature","properties":{"osm_id":1427953001,"highway":"service"},"geometry":{"type":"LineString","coordinates":[[123.1783508,13.6265947],[123.1783224,13.6264923]]}},{"type":"Feature","properties":{"osm_id":1427953002,"highway":"service"},"geometry":{"type":"LineString","coordinates":[[123.1786802,13.6267671],[123.1784655,13.6266967],[123.178404,13.6266682]]}},{"type":"Feature","properties":{"osm_id":1430770348,"highway":"service"},"geometry":{"type":"LineString","coordinates":[[123.1973256,13.6145381],[123.1972813,13.6145245],[123.1971867,13.6145449],[123.1964407,13.6151395]]}},{"type":"Feature","properties":{"osm_id":1451869497,"highway":"residential"},"geometry":{"type":"LineString","coordinates":[[123.1819882,13.6123104],[123.1818169,13.6123996],[123.1816606,13.6123949],[123.1814994,13.6124091],[123.1814164,13.6124186]]}},{"type":"Feature","properties":{"osm_id":1464282260,"highway":"service"},"geometry":{"type":"LineString","coordinates":[[123.1822346,13.6289908],[123.1821225,13.6290487]]}},{"type":"Feature","properties":{"osm_id":1465244988,"highway":"trunk","name":"Roxas Avenue","ref":"1","surface":"paved","lanes":"2","lit":"yes"},"geometry":{"type":"LineString","coordinates":[[123.1929366,13.6156494],[123.1929861,13.6156533]]}},{"type":"Feature","properties":{"osm_id":1465244989,"highway":"service","name":"Robinsons Place Naga Road"},"geometry":{"type":"LineString","coordinates":[[123.1929964,13.6153677],[123.1930433,13.6153942],[123.1932083,13.6154054]]}},{"type":"Feature","properties":{"osm_id":1465244990,"highway":"trunk","name":"Roxas Avenue","ref":"1","surface":"paved","lanes":"2","lit":"yes"},"geometry":{"type":"LineString","coordinates":[[123.1929861,13.6156533],[123.1930895,13.6156623]]}},{"type":"Feature","properties":{"osm_id":1465244991,"highway":"trunk","name":"Roxas Avenue","ref":"1","surface":"paved","lanes":"2","lit":"yes"},"geometry":{"type":"LineString","coordinates":[[123.1926194,13.6156389],[123.1927099,13.6156388],[123.1928164,13.6156429],[123.1928963,13.6156463],[123.1929366,13.6156494]]}},{"type":"Feature","properties":{"osm_id":1480623495,"highway":"tertiary"},"geometry":{"type":"LineString","coordinates":[[123.2026639,13.6177458],[123.2033618,13.6172433],[123.203783,13.6169253],[123.2038583,13.6168403],[123.2038741,13.61679]]}},{"type":"Feature","properties":{"osm_id":1480623497,"highway":"residential","name":"Canda Street","surface":"paved"},"geometry":{"type":"LineString","coordinates":[[123.2022279,13.6170246],[123.2021734,13.617087],[123.2020477,13.6172345],[123.2018927,13.6174374],[123.201732,13.61738],[123.2014864,13.6176076],[123.2012912,13.617861],[123.2011126,13.6181519],[123.2009677,13.6183586],[123.200953,13.6183716],[123.200937,13.6183803]]}},{"type":"Feature","properties":{"osm_id":1480623498,"highway":"residential","name":"Canda Street","surface":"paved","bridge":"yes"},"geometry":{"type":"LineString","coordinates":[[123.2022638,13.6169975],[123.2022279,13.6170246]]}},{"type":"Feature","properties":{"osm_id":1480623499,"highway":"residential","name":"6th Street","surface":"paved"},"geometry":{"type":"LineString","coordinates":[[123.2016814,13.6168593],[123.2020477,13.6172345]]}},{"type":"Feature","properties":{"osm_id":1480623500,"highway":"residential","name":"6th Street","surface":"paved","bridge":"yes"},"geometry":{"type":"LineString","coordinates":[[123.2016664,13.6168439],[123.2016814,13.6168593]]}},{"type":"Feature","properties":{"osm_id":1480623501,"highway":"residential","name":"5th Street","surface":"paved"},"geometry":{"type":"LineString","coordinates":[[123.2013826,13.6170419],[123.201732,13.61738]]}},{"type":"Feature","properties":{"osm_id":1480623502,"highway":"residential","name":"5th Street","surface":"paved","bridge":"yes"},"geometry":{"type":"LineString","coordinates":[[123.2013605,13.6170199],[123.2013826,13.6170419]]}},{"type":"Feature","properties":{"osm_id":1480623503,"highway":"residential"},"geometry":{"type":"LineString","coordinates":[[123.2003149,13.6163514],[123.2002773,13.6163868],[123.2000565,13.6165958]]}},{"type":"Feature","properties":{"osm_id":1480623504,"highway":"residential","bridge":"yes"},"geometry":{"type":"LineString","coordinates":[[123.2003483,13.61632],[123.2003149,13.6163514]]}},{"type":"Feature","properties":{"osm_id":1519616710,"highway":"service","access":"private"},"geometry":{"type":"LineString","coordinates":[[123.1970007,13.6220262],[123.1969629,13.6217714],[123.1969429,13.6216382]]}},{"type":"Feature","properties":{"osm_id":1525011021,"highway":"residential"},"geometry":{"type":"LineString","coordinates":[[123.1824245,13.6210231],[123.1823252,13.6207611]]}},{"type":"Feature","properties":{"osm_id":1525011022,"highway":"residential"},"geometry":{"type":"LineString","coordinates":[[123.1827638,13.6209436],[123.1825036,13.620997],[123.1824245,13.6210231],[123.1822313,13.6211]]}},{"type":"Feature","properties":{"osm_id":1529540509,"highway":"residential","name":"P. Diaz Street","surface":"concrete","oneway":"yes"},"geometry":{"type":"LineString","coordinates":[[123.1869204,13.6253015],[123.1863349,13.6256918]]}},{"type":"Feature","properties":{"osm_id":1529540510,"highway":"secondary","name":"Elias Angeles Street","surface":"asphalt","oneway":"yes","lit":"yes"},"geometry":{"type":"LineString","coordinates":[[123.1863349,13.6256918],[123.1859231,13.6248803]]}},{"type":"Feature","properties":{"osm_id":1529540511,"highway":"secondary","name":"Peñafrancia Avenue","surface":"asphalt","lanes":"2","oneway":"yes"},"geometry":{"type":"LineString","coordinates":[[123.1862602,13.6246868],[123.1863079,13.624726],[123.1864546,13.6248463],[123.1869204,13.6253015]]}},{"type":"Feature","properties":{"osm_id":1529540512,"highway":"secondary","name":"Peñafrancia Avenue","surface":"asphalt","lanes":"2","oneway":"yes"},"geometry":{"type":"LineString","coordinates":[[123.1859378,13.6241519],[123.1862074,13.6246165],[123.1862602,13.6246868]]}},{"type":"Feature","properties":{"osm_id":1530830883,"highway":"service","access":"private"},"geometry":{"type":"LineString","coordinates":[[123.1976884,13.619406],[123.1975728,13.6194264]]}},{"type":"Feature","properties":{"osm_id":1531467506,"highway":"unclassified","surface":"paved","lanes":"2"},"geometry":{"type":"LineString","coordinates":[[123.1971863,13.6280921],[123.1969031,13.6283672],[123.1967949,13.6284247],[123.1967228,13.6284464],[123.1965629,13.6284462],[123.1965226,13.6284332],[123.1965067,13.6284032],[123.1964949,13.6283368],[123.196164,13.6280584],[123.1961115,13.6280142]]}},{"type":"Feature","properties":{"osm_id":1532381043,"highway":"service"},"geometry":{"type":"LineString","coordinates":[[123.1980671,13.6249358],[123.1984424,13.6248861],[123.198975,13.6248394]]}},{"type":"Feature","properties":{"osm_id":1534471288,"highway":"unclassified"},"geometry":{"type":"LineString","coordinates":[[123.1969031,13.6283672],[123.1969506,13.6284245],[123.1969574,13.6284598],[123.1969587,13.6285089],[123.1969478,13.6285589],[123.1969423,13.6285652],[123.1969119,13.6286004],[123.196884,13.6286122],[123.1968609,13.628604],[123.1968419,13.628593],[123.1968242,13.6285646],[123.1968145,13.6285377],[123.1967949,13.6284247]]}},{"type":"Feature","properties":{"osm_id":1536818623,"highway":"tertiary","name":"J. Hernandez Avenue","surface":"asphalt","oneway":"yes","lit":"yes"},"geometry":{"type":"LineString","coordinates":[[123.1842339,13.6246709],[123.184088,13.6241067],[123.1840491,13.6239563]]}},{"type":"Feature","properties":{"osm_id":1553212752,"highway":"secondary","name":"Panganiban Drive","surface":"asphalt","lanes":"2","bridge":"yes","lit":"yes"},"geometry":{"type":"LineString","coordinates":[[123.1869246,13.623032],[123.1870831,13.6230137]]}},{"type":"Feature","properties":{"osm_id":1553212754,"highway":"secondary","name":"General Luna Street","surface":"asphalt","lanes":"2","bridge":"yes"},"geometry":{"type":"LineString","coordinates":[[123.183888,13.6197301],[123.1839185,13.6199417]]}},{"type":"Feature","properties":{"osm_id":1553212755,"highway":"secondary","name":"Elias Angeles Street","surface":"asphalt","lanes":"2","oneway":"yes","lit":"yes"},"geometry":{"type":"LineString","coordinates":[[123.185573,13.6242071],[123.1854881,13.6240665],[123.185385,13.6238701],[123.1853606,13.6238237],[123.1853024,13.6237093]]}},{"type":"Feature","properties":{"osm_id":1553212756,"highway":"secondary","name":"Elias Angeles Street","surface":"asphalt","lanes":"2","oneway":"yes","lit":"yes"},"geometry":{"type":"LineString","coordinates":[[123.1853024,13.6237093],[123.1851937,13.6233932],[123.1851515,13.6232612]]}},{"type":"Feature","properties":{"osm_id":1553212757,"highway":"secondary","name":"General Luna Street","surface":"asphalt","lanes":"2","oneway":"yes","lit":"yes"},"geometry":{"type":"LineString","coordinates":[[123.1847422,13.6238593],[123.1847962,13.6240348],[123.1848289,13.624141]]}},{"type":"Feature","properties":{"osm_id":1553218895,"highway":"secondary","name":"Elias Angeles Street","surface":"asphalt","lanes":"2","oneway":"yes","lit":"yes"},"geometry":{"type":"LineString","coordinates":[[123.1852378,13.6220187],[123.1854116,13.6215216]]}},{"type":"Feature","properties":{"osm_id":1553218896,"highway":"secondary","name":"Elias Angeles Street","surface":"asphalt","lanes":"2","oneway":"yes","lit":"yes"},"geometry":{"type":"LineString","coordinates":[[123.1851515,13.6232612],[123.1851326,13.6232016],[123.185042,13.6228618]]}},{"type":"Feature","properties":{"osm_id":1553218897,"highway":"residential","name":"Dinaga Street","surface":"asphalt","lanes":"2","oneway":"yes"},"geometry":{"type":"LineString","coordinates":[[123.1854116,13.6215216],[123.1856458,13.6216135],[123.1858437,13.6217164]]}}]}